Workbook

Sheet 상품목록
A1: product_id | B1: cat1 | C1: cat2 | D1: sido | E1: gwon | F1: region | G1: name | H1: tagline | I1: list_price | J1: sale_price | K1: discount_pct | L1: basis | M1: option_count | N1: valid_from | O1: valid_to | P1: valid_days | Q1: badges | R1: issue_type | S1: issue_channel | T1: issue_medium | U1: usage_method | V1: max_qty | W1: refund_rule | X1: vendor_name | Y1: vendor_address | Z1: vendor_phone | AA1: external_link | AB1: ticket_div | AC1: priced | AD1: check | AE1: collected_at
A2: 243478 | B2: 삼성미라클안과 | C2: 라식·라섹 | D2: 서울;충남 | E2: 수도권;충청 | F2: 서울/천안 | G2: 삼성미라클안과 라식·라섹 | H2: 삼성미라클 평생시력 1:1 책임관리 프로그램 | I2: 1600000 | J2: 890000 | K2: 44 | L2: 미라클라섹 | M2: 3 | N2: 구매일 | P2: 0 | Q2: ;광고상품 | R2: 광고상품 | U2: 전화 예약 | V2: 10 | X2: 삼성미라클안과 | Z2: 010-2504-5792(이승민 실장) | AB2: 광고상품 | AC2: N | AE2: 2026-09-30T04:39:21
A3: 328990 | B3: 테마파크 | C3: 테마파크 | D3: 경기 | E3: 수도권 | F3: 용인 | G3: 한국민속촌 | H3: 조선시대로 떠나는 여행!! | I3: 39000 | J3: 19000 | K3: 51 | L3: 주중ㆍ주말공통 종일권 한국민속촌(~10/31) | M3: 1 | N3: 2026-10-01 | O3: 2026-10-31 | Q3: 모바일티켓;바로 사용가능 | R3: 즉시발송 | S3: 큐패스코리아 | T3: 알림톡 | U3: QR/바코드 제시 / 바로 입장 | V3: 10 | W3: 기한: 수령 후 7일 이내 | 수수료: 발송·취소 장당 1,000원 | 불가: 부분취소, 기간경과 | 접수: 유선(주중) | X3: 한국민속촌 | Y3: 경기 용인시 기흥구 민속촌로 90 한국민속촌 | Z3: 031-288-0000 | AA3: https://www.koreanfolk.co.kr/ | AB3: 바로 사용가능 | AC3: Y | AE3: 2026-09-30T04:39:24
A4: 326717 | B4: 테마파크 | C4: 놀이공원 | D4: 경기 | E4: 수도권 | F4: 과천 | G4: 서울랜드 | H4: 봄, 여름, 가을, 겨울 쉴 새 없이 터지는 즐거움 | I4: 52000 | J4: 17000 | K4: 67 | L4: AFTER 4 서울랜드(~11/1) | M4: 3 | N4: 구매일 | O4: 2026-11-01 | Q4: 모바일티켓;바로 사용가능 | R4: 즉시발송 | S4: 스마트인피니_발송 | T4: 알림톡/LMS 문자 | U4: 바로 입장 | 모바일 이용권 현장 제시 후 이용 가능(재발송 가능 상품) | V4: 10 | W4: 기한: 수령 후 7일 이내 | 수수료: 발송·취소 장당 1,000원 | 불가: 부분취소, 기간경과 | 접수: 유선 | X4: 서울랜드 | Y4: 경기 과천시 광명로 181 | Z4: 02-509-6000(주중 오전 10:00 ~ 17:00/주말 10:00 ~ 18:00) | AA4: www.seoulland.co.kr ; https://seoulland.co.kr/ | AB4: 바로 사용가능 | AC4: Y | AE4: 2026-09-30T04:39:26
A5: 329117 | B5: 테마파크 | C5: 놀이공원 | D5: 강원 | E5: 강원 | F5: 춘천 | G5: 레고랜드 | H5: 40 여개의 놀이기구, 다양한 퍼포먼스 쇼와 어트랙션들로 한가득 | I5: 66000 | J5: 36000 | K5: 45 | L5: 주중ㆍ주말 대소공통 레고랜드 2인 종일권(~11/15) | M5: 3 | N5: 2026-09-22 | O5: 2026-11-15 | Q5: 모바일티켓;바로 사용가능 | R5: 즉시발송 | T5: LMS 문자 | U5: QR/바코드 제시 / 바로 입장 | 모바일 이용권 현장 제시 후 이용 가능(재발송 가능 상품) | V5: 10 | W5: 기한: 수령 후 7일 이내 | 수수료: 발송·취소 장당 1,000원 | 불가: 부분취소, 기간경과 | 접수: 유선 | X5: 레고랜드코리아 | Y5: 강원 춘천시 하중도길 128 | Z5: 033-815-2300 | AA5: https://www.legoland.kr/ ; https://www.legoland.kr// | AB5: 바로 사용가능 | AC5: Y | AE5: 2026-09-30T04:39:29
A6: 330505 | B6: 테마파크 | C6: 놀이공원 | D6: 경북 | E6: 영남 | F6: 경주 | G6: 경주월드 | H6: 꿈, 사랑, 행복의 경주월드 | I6: 52000 | J6: 34000 | K6: 35 | L6: 대인 종일권 경주월드(~26/12/31) | M6: 2 | N6: 구매일 | O6: 2026-12-31 | Q6: 모바일티켓;바로 사용가능 | R6: 즉시발송 | T6: LMS 문자 | U6: 매표소 교환 / 바로 입장 | 모바일 이용권 현장 매표소 제시 후 이용 가능(재발송 가능 상품) | V6: 10 | W6: 기한: 수령 후 7일 이내 | 수수료: 발송·취소 장당 1,000원 | 불가: 부분취소, 기간경과 | 접수: 유선 | X6: 경주월드 | Y6: 경북 경주시 보문로 544 | Z6: 1544-8765 | AA6: https://www.gjw.co.kr/Contents/contents.php | AB6: 바로 사용가능 | AC6: Y | AE6: 2026-09-30T04:39:32
A7: 328545 | B7: 공연 | C7: 연극 | D7: 서울 | E7: 수도권 | F7: 서울 | G7: 연극 마트로시카 | H7: 까도 까도 빵빵 터지는 폭소 연발 씨츄에이숀 | I7: 66000 | J7: 36960 | K7: 44 | L7: 대소공통 관람권 마트로시카 | M7: 1 | N7: 구매일 | P7: 30 | Q7: 모바일티켓;예약필수 | R7: 예약필수 | U7: 매표소 교환 / 전화 예약 | 관람 예약 확정 후 현장 매표소 방문 및 발권하여 관람 가능 | V7: 100 | W7: 기한: 수령 후 7일 이내 | 수수료: 발송·취소 장당 1,000원 | 불가: 부분취소, 기간경과, 예약확정 후 | 접수: 유선(주중) | X7: 연극 마트로시카 | Y7: 서울특별시 중구 초동 18-5 명보아트홀 3층 | Z7: 010-4738-6960 | AB7: 예약필수 | AC7: Y | AE7: 2026-09-30T04:39:35
A8: 328609 | B8: 숙박 | C8: 숙박 | D8: 인천 | E8: 수도권 | F8: 강화 | G8: 엘리야리조트&풀빌라 숙박권 | H8: 전객실 오션뷰로 이루어진 강화도의 수려한 자연경관이 함께하는 리조트 | I8: 356800 | J8: 178400 | K8: 50 | L8: 디럭스 본관 주중 숙박권 엘리야리조트(~12/30) | M8: 12 | N8: 2026-09-10 | O8: 2026-12-30 | Q8: 모바일티켓;예약필수 | R8: 예약대기 | T8: LMS 문자 | U8: 전화 예약 | 사전예약 후 방문 | V8: 100 | W8: 수수료: D-11 100%, D-10 10%, D-9 10%, D-8 20%, D-7 30%, D-6 40%, D-5 50%, D-4 60%, D-3 70%, D-2 80%, D-1 90% | 접수: 유선(주중) | X8: 엘리야 리조트 | Y8: 인천 강화군 화도면 해안남로 2782-24 엘리야 리조트&풀빌라 | Z8: 032-937-5921 | AA8: http://www.elijahresort.com/ | AB8: 예약필수 | AC8: Y | AE8: 2026-09-30T04:39:37
A9: 328673 | B9: 숙박 | C9: 숙박 | D9: 강원 | E9: 강원 | F9: 강원 | G9: 에머슨 스위트 낙산 | H9: 가장 먼저 해가 뜨는 곳, 낙산의 푸른 바다를 가장 가까이에서 마주하세요 | I9: 240000 | J9: 120000 | K9: 50 | L9: 그랜드 디럭스 더블(하프 오션) 주중(일~목) | M9: 20 | N9: 2026-09-10 | O9: 2026-12-29 | Q9: 모바일티켓;예약필수 | R9: 예약대기 | T9: LMS 문자 | U9: 전화 예약 | 사전예약 후 방문 | V9: 100 | W9: 수수료: D-3 100%, D-2 50% | 접수: 유선(주중) | X9: 에머슨 스위트 낙산 | Y9: 강원 양양군 양양읍 해맞이길 88 | Z9: 0507-1345-9900 | AA9: https://www.emersonsuitesnaksan.com/ | AB9: 예약필수 | AC9: Y | AE9: 2026-09-30T04:39:39
A10: 329434 | B10: 워터파크 | C10: 워터파크 | D10: 경기 | E10: 수도권 | F10: 의정부 | G10: 장암 아일랜드캐슬 워터파크 1인 종일권 | H10: 사계절 내내 핫하게!! 수도권 HOT & NEW 워터파크 | I10: 45000 | J10: 21000 | K10: 53 | L10: (대소공통)장암 1인 종일권 (9/4~10/31)*구명조끼 미포함 | M10: 1 | N10: 2026-09-04 | O10: 2026-10-31 | Q10: 모바일티켓;바로 사용가능 | R10: 즉시발송 | T10: LMS 문자 | U10: 바로 입장 | V10: 10 | W10: 기한: 수령 후 7일 이내 | 수수료: 발송·취소 장당 1,000원 | 불가: 부분취소, 기간경과 | 접수: 유선 | X10: 장암아일랜드캐슬 워터파크 | Y10: 경기도 의정부시 장곡로 22 | Z10: 031-894-0331 | AA10: https://waterpark.islandcastle.net/ | AB10: 바로 사용가능 | AC10: Y | AE10: 2026-09-30T04:39:41
A11: 225306 | B11: 서울베스트의료의원 | C11: 건강검진 | D11: 서울 | E11: 수도권 | F11: 서울 | G11: 서울베스트의료의원 건강검진 | H11: 종합검진에 대한 모든 것 | I11: 0 | J11: 250000 | K11: 0 | L11: 종합건강검진 A형 | M11: 3 | N11: 구매일 | P11: 0 | Q11: ;광고상품 | R11: 광고상품 | U11: 전화 예약 | V11: 10 | X11: 서울베스트의료의원 | Y11: 서울 중구 다산로46길 17 두산위브더제니스 2층 서울베스트의료의원 | Z11: 02-2135-1357 | AA11: http://www.sbestmc.com/ | AB11: 광고상품 | AC11: N | AE11: 2026-09-30T04:39:43
A12: 324512 | B12: 레져 | C12: 액티비티 | D12: 강원 | E12: 강원 | F12: 영월 | G12: 동강흥국래프팅 | H12: 당일로 다녀오는 당신의 익스트림! 아름다운 영월 동강과 함께하세요. | I12: 15000 | J12: 10000 | K12: 33 | L12: 워터밤 물총 대여 동강흥국래프팅(~9/30) | M12: 10 | N12: 구매일 | O12: 2026-09-30 | Q12: 모바일티켓;예약필수 | R12: 예약필수 | S12: 큐패스코리아 | T12: 알림톡/LMS 문자 | U12: 전화 예약 / 바로 입장 | 사전 예약 후 방문 | V12: 100 | W12: 기한: 수령 후 7일 이내 | 수수료: 발송·취소 장당 1,000원, D-3 기본수수료, D-2 50% | 불가: 부분취소, 기간경과, 당일·노쇼 | 접수: 유선(주중) | X12: 동강흥국래프팅 | Y12: 강원도 영월군 영월읍 삼옥리 231-1 | Z12: 033-375-0846 | AA12: http://donggang114.co.kr/ | AB12: 예약필수 | AC12: Y | AE12: 2026-09-30T04:39:45
A13: 330442 | B13: 워터파크 | C13: 워터파크 | D13: 충남 | E13: 충청 | F13: 아산 | G13: 아산스파비스 | H13: 따뜻한 천연 온천수로 즐기는 물놀이 | I13: 50000 | J13: 20000 | K13: 60 | L13: 주중·주말공통이용권 아산스파비스(~26/12/31) | M13: 1 | N13: 2026-09-29 | O13: 2026-12-31 | Q13: 모바일티켓;바로 사용가능 | R13: 즉시발송 | T13: LMS 문자 | U13: QR/바코드 제시 / 매표소 교환 / 바로 입장 | LMS 바코드 문자 이용권 현장 매표소 제시 후 이용 가능(재발송 가능 상품) | V13: 20 | W13: 기한: 수령 후 7일 이내 | 수수료: 발송·취소 장당 1,000원 | 불가: 부분취소, 기간경과 | 접수: 유선 | X13: 아산스파비스 | Y13: 충남 아산시 음봉면 아산온천로157번길 67 아산스파비스 | Z13: 041-539-2000 | AA13: https://www.spavis.co.kr/ | AB13: 바로 사용가능 | AC13: Y | AE13: 2026-09-30T04:39:48
A14: 330001 | B14: 테마파크 | C14: 테마파크 | D14: 경기 | E14: 수도권 | F14: 부천 | G14: 볼베어파크 실내 키즈카페 | H14: 우리 아이의 취향저격 놀이터! | I14: 9000 | J14: 7650 | K14: 15 | L14: 평일 주말 통합권 대인권 부천 볼베어파크(~12/31) | M14: 3 | N14: 구매일 | O14: 2026-12-31 | Q14: 모바일티켓;바로 사용가능 | R14: 즉시발송 | S14: 엘에스컴퍼니 | T14: 알림톡 | U14: 매표소 교환 / 바로 입장 | 모바일 이용권 현장 매표소 제시 후 이용 가능(재발송 가능 상품) | V14: 20 | W14: 기한: 수령 후 7일 이내 | 수수료: 발송·취소 장당 1,000원 | 불가: 부분취소, 기간경과 | 접수: 유선(주중) | X14: 부천볼베어파크 | Y14: 경기 부천시 원미구 조마루로 2 웅진플레이도시 2층 볼베어파크 | Z14: 0507-1421-7789 | AB14: 바로 사용가능 | AC14: Y | AE14: 2026-09-30T04:39:50
A15: 327536 | B15: 테마파크 | C15: 테마파크 | D15: 부산 | E15: 영남 | F15: 부산 | G15: 세라젬 웰파크 부산기장점 | H15: 12가지 넘는 놀이 체험을 통해 부모님의 휴식을 제공! | I15: 5000 | J15: 4250 | K15: 15 | L15: 2시간 이용권 대인 세라젬 웰파크 부산기장점(~12/31) | M15: 3 | N15: 구매일 | O15: 2026-12-31 | Q15: 모바일티켓;바로 사용가능 | R15: 즉시발송 | S15: 엘에스컴퍼니 | T15: 알림톡 | U15: 매표소 교환 / 바로 입장 | 모바일 이용권 현장 매표소 제시 후 이용 가능(재발송 가능 상품) | V15: 20 | W15: 기한: 수령 후 7일 이내 | 수수료: 발송·취소 장당 1,000원 | 불가: 부분취소, 기간경과 | 접수: 유선(주중) | X15: 세라젬 웰파크 부산기장점 | Y15: 부산 기장군 기장읍 동부산관광1로 60 라우어 오시리아근린생활시설 1동 4층 | Z15: 070-8835-7979 | AB15: 바로 사용가능 | AC15: Y | AE15: 2026-09-30T04:39:52
A16: 329938 | B16: 테마파크 | C16: 테마파크 | D16: 경기 | E16: 수도권 | F16: 경기 하남 | G16: 세라젬 웰파크 위례점 | H16: 아이들을 위한 10여종의 놀이 공간! | I16: 7000 | J16: 5950 | K16: 15 | L16: 통합권 3시간 대인 세라젬 웰파크 위례점(~12/31) | M16: 3 | N16: 구매일 | O16: 2026-12-31 | Q16: 모바일티켓;바로 사용가능 | R16: 즉시발송 | S16: 엘에스컴퍼니 | T16: 알림톡 | U16: 매표소 교환 / 바로 입장 | 모바일 이용권 현장 매표소 제시 후 이용 가능(재발송 가능 상품) | V16: 20 | W16: 기한: 수령 후 7일 이내 | 수수료: 발송·취소 장당 1,000원 | 불가: 부분취소, 기간경과 | 접수: 유선(주중) | X16: 세라젬 웰파크 위례점 | Y16: 경기 하남시 위례대로 350 2층 201호~217호, 219호, 220호 | Z16: 070-4126-5265 | AB16: 바로 사용가능 | AC16: Y | AE16: 2026-09-30T04:39:55
A17: 313585 | B17: 레져 | C17: 액티비티 | D17: 인천 | E17: 수도권 | F17: 강화 | G17: 레포츠파크 | H17: 자연과 함께 숨쉬는 천상의 숲 | I17: 0 | J17: 43000 | K17: 0 | L17: 강화레포츠파크 서바이벌 + 3,4,5번 짚라인+고카트 트렉3바퀴 | M17: 2 | N17: 구매일 | P17: 30 | Q17: 모바일티켓;바로 사용가능 | R17: 즉시발송 | T17: LMS 문자 | U17: QR/바코드 제시 / 매표소 교환 / 바로 입장 | LMS 바코드 문자 이용권 현장 매표소 제시 후 이용 가능(재발송 가능 상품) | V17: 20 | W17: 기한: 수령 후 7일 이내 | 수수료: 발송·취소 장당 1,000원 | 불가: 부분취소, 기간경과 | 접수: 유선(주중) | X17: 강화레포츠파크 | Y17: 인천 강화군 불은면 삼성리 294-6 | Z17: 0507-1372-7481 | AA17: https://www.foresttrip.go.kr/indvz/main.do?hmpgId=ID04030105 | AB17: 바로 사용가능 | AC17: N | AE17: 2026-09-30T04:39:57
A18: 325961 | B18: 워터파크 | C18: 워터파크 | D18: 강원 | E18: 강원 | F18: 정선 | G18: 하이원 워터월드 | H18: 백두대산 1급 청정 계곡수를 그대로 옮겨 담은~ | I18: 64000 | J18: 28000 | K18: 56 | L18: 준성수기 주중 대인권 하이원워터월드(8/31~10/18) | M18: 4 | N18: 2026-08-31 | O18: 2026-10-18 | Q18: 모바일티켓;바로 사용가능 | R18: 즉시발송 | S18: 플레이스토리 | T18: 알림톡/LMS 문자/순차 발송 | U18: QR/바코드 제시 / 매표소 교환 / 바로 입장 | LMS 바코드 번호 키오스크에서 발권 후 이용 가능(재발송 가능 상품) | V18: 20 | W18: 기한: 수령 후 7일 이내 | 수수료: 발송·취소 장당 1,000원 | 불가: 부분취소, 기간경과 | 접수: 유선 | X18: 하이원 워터월드 | Y18: 강원도 정선군 사북읍 하이원길 175 | Z18: 1588-7789 | AA18: https://kangwonland.high1.com/waterworld/index.do | AB18: 바로 사용가능 | AC18: Y | AE18: 2026-09-30T04:39:59
A19: 326087 | B19: 워터파크 | C19: 워터파크 | D19: 충남 | E19: 충청 | F19: 예산 | G19: 스플라스 리솜 워터파크 | H19: 다양한 테마를 갖춘 온천테마파크! | I19: 40000 | J19: 27400 | K19: 32 | L19: 소인입장권 스플라스 워터파크(8/24~10/31) | M19: 2 | N19: 2026-08-24 | O19: 2026-10-31 | Q19: 모바일티켓;바로 사용가능 | R19: 즉시발송 | S19: 플레이스토리 | T19: 알림톡 | U19: 매표소 교환 / 바로 입장 | 모바일 이용권 현장 매표소 제시 후 이용 가능(재발송 가능 상품) | V19: 20 | W19: 기한: 수령 후 7일 이내 | 수수료: 발송·취소 장당 1,000원 | 불가: 부분취소, 기간경과 | 접수: 유선 | X19: 스플라스 리솜 워터파크 | Y19: 충남 예산군 덕산면 온천단지3로 45-7 | Z19: 041-330-8062 | AA19: https://www.resom.co.kr/spa/main/main.asp | AB19: 바로 사용가능 | AC19: Y | AE19: 2026-09-30T04:40:02
A20: 326024 | B20: 워터파크 | C20: 워터파크 | D20: 충북 | E20: 충청 | F20: 제천 | G20: 포레스트 리솜 해브나인 웰니스 스파 | H20: 숲 한가운데서 즐기는 노천 스파 | I20: 45000 | J20: 31000 | K20: 31 | L20: 소인이용권 포레스트리솜(8/24~10/31) | M20: 2 | N20: 2026-08-24 | O20: 2026-10-31 | Q20: 모바일티켓;바로 사용가능 | R20: 즉시발송 | S20: 플레이스토리 | T20: 알림톡/LMS 문자 | U20: 매표소 교환 / 바로 입장 | 알림톡 이용권 현장 매표소 제시 후 이용 가능(재발송 가능 상품) | V20: 10 | W20: 기한: 수령 후 7일 이내 | 수수료: 발송·취소 장당 1,000원 | 불가: 부분취소, 기간경과 | 접수: 유선 | X20: 포레스트 리솜 해브나인 스파 | Y20: 충청북도 제천시 백운면 금봉로 365 | Z20: 043-649-6014 | AA20: http://resom.co.kr/forest/theme/have9.asp?tab=0 | AB20: 바로 사용가능 | AC20: Y | AE20: 2026-09-30T04:40:04
A21: 326150 | B21: 워터파크 | C21: 워터파크 | D21: 충남 | E21: 충청 | F21: 태안 | G21: 아일랜드 리솜 오아식스 선셋스파 | H21: 단조로운 일상을 바꿀 오아식스 | I21: 40000 | J21: 34500 | K21: 14 | L21: 대인이용권 아일랜드리솜(8/24~10/31) | M21: 1 | N21: 2026-08-24 | O21: 2026-10-31 | Q21: 모바일티켓;바로 사용가능 | R21: 즉시발송 | S21: 플레이스토리 | T21: 알림톡/LMS 문자 | U21: QR/바코드 제시 / 매표소 교환 / 바로 입장 | LMS QR코드 문자 이용권 현장 매표소 제시 후 이용 가능(재발송 가능 상품) | V21: 20 | W21: 기한: 수령 후 7일 이내 | 수수료: 발송·취소 장당 1,000원 | 불가: 부분취소, 기간경과 | 접수: 유선 | X21: 아일랜드 리솜 오아식스 선셋스파 | Y21: 충남 태안군 안면읍 꽃지해안로 204 | Z21: 041-671-7060 | AA21: https://www.resom.co.kr/island/main/main.asp | AB21: 바로 사용가능 | AC21: Y | AE21: 2026-09-30T04:40:06
A22: 293316 | B22: 자동차 구매 | C22: 제네시스 | D22: 경기 | E22: 수도권 | F22: 분당오리대리점 | G22: 현대자동차(제네시스) 外 전차종 판매 | H22: GV90 26년 6월 출시, G80 26년 하반기 HEV출시, GV80 26년 하반기 HEV출시!!! | I22: 0 | J22: 0 | K22: 100 | L22: GENESIS GV70 (* 합리적 판매가격 상담문의 010-5014-3608) | M22: 4 | N22: 구매일 | P22: 0 | Q22: ;광고상품 | R22: 광고상품 | V22: 10 | X22: 현대자동차 분당오리대리점 | Y22: 경기도 성남시 분당구 성남대로 30, 동아그린프라자 1층(구미동) | Z22: 양원석 부장 010-5014-3608 / yws3608@naver.com | AA22: https://www.genesis.com/kr/ko/main.html | AB22: 광고상품 | AC22: N | AE22: 2026-09-30T04:40:08
A23: 311872 | B23: 테마파크 | C23: 테마파크 | D23: 부산 | E23: 영남 | F23: 부산 | G23: 부산영화체험박물관 + 씨네뮤지엄 PKG | H23: 영화의 도시, 부산에서 즐기는 영화탐험 | I23: 20000 | J23: 10800 | K23: 46 | L23: 대소공통 통합권 부산영화체험박물관PKG | M23: 1 | N23: 구매일 | P23: 60 | Q23: 모바일티켓;바로 사용가능 | R23: 즉시발송 | T23: LMS 문자 | U23: 매표소 교환 / 바로 입장 | 모바일 이용권 현장 매표소 제시 및 발권 후 이용 가능(재발송 가능 상품) | V23: 100 | W23: 기한: 수령 후 7일 이내 | 수수료: 발송·취소 장당 1,000원 | 불가: 부분취소, 기간경과 | 접수: 유선 | X23: 부산영화체험박물관 | Y23: 부산 중구 대청로126번길 12 부산영화체험박물관 | Z23: 051-468-8383 | AA23: https://busanbom.kr/ | AB23: 바로 사용가능 | AC23: Y | AE23: 2026-09-30T04:40:11
A24: 326465 | B24: 워터파크 | C24: 워터파크 | D24: 충남 | E24: 충청 | F24: 아산 | G24: 파라다이스 스파 도고 | H24: 프리미엄 온천 테마 워터파크! | I24: 55000 | J24: 28900 | K24: 47 | L24: 로우시즌 종일권 스파 도고(9/1~12/17) | M24: 1 | N24: 2026-09-01 | O24: 2026-12-17 | Q24: 모바일티켓;바로 사용가능 | R24: 즉시발송 | S24: 파라다이스 스파 도고 | T24: 알림톡 | U24: QR/바코드 제시 / 매표소 교환 / 바로 입장 | 알림톡 현장 매표소 또는 키오스크에서 발권 후 이용 가능(재발송 가능 상품) | V24: 10 | W24: 기한: 수령 후 7일 이내 | 수수료: 발송·취소 장당 1,000원 | 불가: 부분취소, 기간경과 | 접수: 유선 | X24: 파라다이스스파도고 | Y24: 충남 아산시 도고면 도고온천로 176 | Z24: 041-537-7100 | AA24: http://www.paradisespa.co.kr/ | AB24: 바로 사용가능 | AC24: Y | AE24: 2026-09-30T04:40:13
A25: 325709 | B25: 워터파크 | C25: 워터파크 | D25: 강원 | E25: 강원 | F25: 속초 | G25: 설악 워터피아 | H25: 설악 워터피아에서 즐기는 세계스파여행 | I25: 124000 | J25: 68000 | K25: 45 | L25: 2인 주간권 미들시즌 설악워터피아(8/24~10/11) | M25: 9 | N25: 2026-08-24 | O25: 2026-10-11 | Q25: 모바일티켓;바로 사용가능 | R25: 즉시발송 | S25: 엘에스컴퍼니 | T25: 알림톡 | U25: 바로 입장 | 모바일 이용권 현장 제시 후 이용 가능(재발송 가능 상품) | V25: 20 | W25: 기한: 수령 후 7일 이내 | 수수료: 발송·취소 장당 1,000원 | 불가: 부분취소, 기간경과 | 접수: 유선 | X25: 한화리조트 설악 워터피아 | Y25: 강원 속초시 장사동 24-1 | Z25: 033-630-5800 | AA25: https://www.hanwharesort.co.kr/irsweb/resort3/tpark/tp_intro.do?tp_cd=0100 | AB25: 바로 사용가능 | AC25: Y | AE25: 2026-09-30T04:40:16
A26: 330127 | B26: 워터파크 | C26: 워터파크 | D26: 경기 | E26: 수도권 | F26: 부천 | G26: 웅진플레이도시 워터파크 | H26: 언제나 신나는 웅플!파도파도~끝없는 즐거움 | I26: 60000 | J26: 27000 | K26: 55 | L26: 종일권 로우시즌 웅진플레이도시(~10/31) | M26: 1 | N26: 2026-09-07 | O26: 2026-10-31 | Q26: 모바일티켓;바로 사용가능 | R26: 즉시발송 | S26: 놀이의발견 | T26: 알림톡 | U26: 매표소 교환 / 바로 입장 | 알림톡 이용권 현장 매표소 제시 후 이용 가능(재발송 가능 상품) | V26: 10 | W26: 기한: 수령 후 7일 이내 | 수수료: 발송·취소 장당 1,000원 | 불가: 부분취소, 기간경과 | 접수: 유선 | X26: 웅진플레이도시 | Y26: 경기 부천시 조마루로 2 | Z26: 1577-5773 | AA26: http://www.playdoci.com/index.aspx | AB26: 바로 사용가능 | AC26: Y | AE26: 2026-09-30T04:40:19
A27: 319087 | B27: 테마파크 | C27: 테마파크 | D27: 부산 | E27: 영남 | F27: 부산 | G27: 런닝맨&다이나믹메이즈 | H27: 익사이팅 실내 어트랙션! | I27: 19000 | J27: 14000 | K27: 26 | L27: 이용권 런닝맨(60분)(~10/31) | M27: 5 | N27: 2025-12-01 | O27: 2026-10-31 | Q27: 모바일티켓;바로 사용가능 | R27: 즉시발송 | T27: LMS 문자 | U27: QR/바코드 제시 / 매표소 교환 / 바로 입장 | LMS 바코드 문자 이용권 현장 매표소 제시 후 이용 가능(재발송 가능 상품) | V27: 100 | W27: 기한: 구매 후 7일 이내 | 수수료: 발송·취소 장당 1,000원 | 불가: 부분취소, 기간경과 | 접수: 유선 | X27: 런닝맨+다이나믹메이즈 부산점 | Y27: 부산 부산진구 중앙대로 672 삼정타워 10층 | Z27: 051-520-3636 | AA27: http://www.running-man.co.kr/episode/episode2.php/ ; http://www.dynamicmaze.com/episode/busan.php | AB27: 바로 사용가능 | AC27: Y | AE27: 2026-09-30T04:40:22
A28: 319150 | B28: 테마파크 | C28: 테마파크 | D28: 서울 | E28: 수도권 | F28: 인사동 | G28: 런닝맨 or 다이나믹메이즈 | H28: 익사이팅 실내 어트랙션! | I28: 19000 | J28: 15000 | K28: 21 | L28: 런닝맨 1시간 이용권(~10/31) | M28: 3 | N28: 2025-12-01 | O28: 2026-10-31 | Q28: 모바일티켓;바로 사용가능 | R28: 즉시발송 | T28: LMS 문자 | U28: QR/바코드 제시 / 매표소 교환 / 바로 입장 | LMS 바코드 문자 이용권 현장 매표소 제시 후 이용 가능(재발송 가능 상품) | V28: 100 | W28: 기한: 구매 후 7일 이내 | 수수료: 발송·취소 장당 1,000원 | 불가: 부분취소, 기간경과 | 접수: 유선 | X28: 런닝맨&다이나믹메이즈 인사동점 | Y28: 서울 종로구 인사동길 12 대일빌딩 지하1층 | Z28: 02-2034-0600 | AA28: http://www.running-man.co.kr/ ; http://www.dynamicmaze.com/ | AB28: 바로 사용가능 | AC28: Y | AE28: 2026-09-30T04:40:24
A29: 292620 | B29: 테마파크 | C29: 테마파크 | D29: 경기 | E29: 수도권 | F29: 화성 | G29: 네이처스케이프 플러스 | H29: 새로운 모험이 기다리는 곳 | I29: 29500 | J29: 19000 | K29: 36 | L29: 주중종일·주말4시간 이용권 네이처스케이프플러스 | M29: 1 | N29: 구매일 | P29: 60 | Q29: 모바일티켓;바로 사용가능 | R29: 즉시발송 | T29: LMS 문자 | U29: QR/바코드 제시 / 매표소 교환 | LMS 바코드 문자 이용권 현장 매표소 제시 후 이용 가능(재발송 가능 상품) | V29: 50 | W29: 기한: 수령 후 7일 이내 | 수수료: 발송·취소 장당 1,000원 | 불가: 부분취소, 기간경과 | 접수: 유선 | X29: 네이처스케이프플러스 | Y29: 경기 화성시 동탄대로5길 21 라크몽 A동 4층~5층 | Z29: 031-1533-1245 | AA29: https://www.instagram.com/naturescapeplus/ | AB29: 바로 사용가능 | AC29: Y | AE29: 2026-09-30T04:40:27
A30: 327851 | B30: 테마파크 | C30: 테마파크 | D30: 강원 | E30: 강원 | F30: 홍천 | G30: 알파카월드 | H30: 세계 최초, 세계 유일의 알파카 테마파크! | I30: 18000 | J30: 14500 | K30: 19 | L30: 1인 입장권 알파카월드(~11/30) | M30: 1 | N30: 구매일 | O30: 2026-11-30 | Q30: 모바일티켓;바로 사용가능 | R30: 즉시발송 | S30: 엘에스컴퍼니 | T30: 알림톡 | U30: 매표소 교환 / 바로 입장 | 모바일 이용권 현장 매표소 제시 후 이용 가능(재발송 가능 상품) | V30: 20 | W30: 기한: 수령 후 7일 이내 | 수수료: 발송·취소 장당 1,000원 | 불가: 부분취소, 기간경과 | 접수: 유선(주중) | X30: 알파카월드 | Y30: 강원 홍천군 화촌면 덕밭재길 146-155 | Z30: 1899-2250 | AB30: 바로 사용가능 | AC30: Y | AE30: 2026-09-30T04:40:29
A31: 322055 | B31: 테마파크 | C31: 테마파크 | D31: 경기 | E31: 수도권 | F31: 경기 | G31: 허브아일랜드 | H31: 365일 꺼지지 않는 불빛동화축제 | I31: 8000 | J31: 7000 | K31: 13 | L31: 1인 주중 소인 입장권 허브아일랜드(~12/31) | M31: 4 | N31: 구매일 | O31: 2026-12-31 | Q31: 모바일티켓;바로 사용가능 | R31: 즉시발송 | S31: 엘에스컴퍼니 | T31: 알림톡 | U31: 매표소 교환 / 바로 입장 | 모바일 이용권 현장 매표소 제시 후 이용 가능(재발송 가능 상품) | V31: 20 | W31: 기한: 수령 후 7일 이내 | 수수료: 발송·취소 장당 1,000원 | 불가: 부분취소, 기간경과 | 접수: 유선(주중) | X31: 허브아일랜드 | Y31: 경기 포천시 신북면 청신로947번길 51 허브아일랜드 | Z31: 031-535-6494 | AB31: 바로 사용가능 | AC31: Y | AE31: 2026-09-30T04:40:31
A32: 327788 | B32: 테마파크 | C32: 테마파크 | D32: 대구 | E32: 영남 | F32: 대구 | G32: 드림닥터 대구점 의사직업체험 | H32: 15만명이 선택한 슬기로운 의사체험! | I32: 8000 | J32: 7200 | K32: 10 | L32: 보호자 이용권 대구 드림닥터(~10/31) | M32: 3 | N32: 구매일 | O32: 2026-10-31 | Q32: 모바일티켓;바로 사용가능 | R32: 즉시발송 | S32: 엘에스컴퍼니 | T32: 알림톡 | U32: 매표소 교환 / 바로 입장 | 모바일 이용권 현장 매표소 제시 후 이용 가능(재발송 가능 상품) | V32: 20 | W32: 기한: 수령 후 7일 이내 | 수수료: 발송·취소 장당 1,000원 | 불가: 부분취소, 기간경과 | 접수: 유선(주중) | X32: 드림닥터 대구점 | Y32: 대구 중구 공평로 36 동성로SK리더스뷰 3층 | Z32: 053-422-7999 | AB32: 바로 사용가능 | AC32: Y | AE32: 2026-09-30T04:40:34
A33: 327725 | B33: 테마파크 | C33: 테마파크 | D33: 대전 | E33: 충청 | F33: 대전 | G33: 드림닥터 대전점 의사직업체험 | H33: 15만명이 선택한 슬기로운 의사체험! | I33: 8000 | J33: 6400 | K33: 20 | L33: 보호자권 대전 드림닥터(~10/31) | M33: 4 | N33: 구매일 | O33: 2026-10-31 | Q33: 모바일티켓;바로 사용가능 | R33: 즉시발송 | S33: 엘에스컴퍼니 | T33: 알림톡 | U33: 매표소 교환 / 바로 입장 | 모바일 이용권 현장 매표소 제시 후 이용 가능(재발송 가능 상품) | V33: 20 | W33: 기한: 수령 후 7일 이내 | 수수료: 발송·취소 장당 1,000원 | 불가: 부분취소, 기간경과 | 접수: 유선(주중) | X33: 드림닥터 대전점 | Y33: 대전 유성구 학하북로 75-21 1층 | Z33: 0507-1420-2025 | AB33: 바로 사용가능 | AC33: Y | AE33: 2026-09-30T04:40:36
A34: 311557 | B34: 테마파크 | C34: 테마파크 | D34: 경기 | E34: 수도권 | F34: 과천 | G34: 원더파크 | H34: 오감을 만족시키는 체험형 미디어파크 | I34: 19000 | J34: 14500 | K34: 24 | L34: 소인이용권 원더파크 | M34: 2 | N34: 구매일 | P34: 60 | Q34: 모바일티켓;바로 사용가능 | R34: 즉시발송 | T34: LMS 문자 | U34: 매표소 교환 / 바로 입장 | 모바일 이용권 현장 매표소 제시 및 발권 후 이용 가능(재발송 가능 상품) | V34: 20 | W34: 기한: 수령 후 7일 이내 | 수수료: 발송·취소 장당 1,000원 | 불가: 부분취소, 기간경과 | 접수: 유선 | X34: 매직플로우 주식회사 | Y34: 서울특별시 강남구 역삼로77길 13, 1층(대치동, 비채빌딩) | Z34: 1555-5443 | AA34: https://www.magicflow.co.kr/park | AB34: 바로 사용가능 | AC34: Y | AE34: 2026-09-30T04:40:38
A35: 311746 | B35: 테마파크 | C35: 테마파크 | D35: 경북;경기 | E35: 영남;수도권 | F35: 경주/오산 | G35: 버드파크 | H35: 새와 사람과 자연의 이야기 | I35: 23000 | J35: 17800 | K35: 23 | L35: 대인이용권 오산버드파크 | M35: 4 | N35: 구매일 | P35: 60 | Q35: 모바일티켓;바로 사용가능 | R35: 즉시발송 | T35: LMS 문자 | U35: 매표소 교환 / 바로 입장 | 모바일 이용권 현장 매표소 제시 후 이용 가능(재발송 가능 상품) | V35: 100 | W35: 기한: 수령 후 7일 이내 | 수수료: 발송·취소 장당 1,000원 | 불가: 부분취소, 기간경과 | 접수: 유선 | X35: 경주버드파크 | Y35: 경북 경주시 보문로 74-14 | Z35: 054-777-7200 | AA35: http://www.birdparks.co.kr/ ; https://www.instagram.com/osanbirdpark/ | AB35: 바로 사용가능 | AC35: Y | AE35: 2026-09-30T04:40:41
A36: 319024 | B36: 테마파크 | C36: 테마파크 | D36: 경기 | E36: 수도권 | F36: 여주 | G36: 루덴시아 | H36: 갤러리형 유럽 테마파크 | I36: 27000 | J36: 14500 | K36: 46 | L36: 주중 대인입장권 루덴시아(~9/30) | M36: 4 | N36: 2025-11-01 | O36: 2026-09-30 | Q36: 모바일티켓;바로 사용가능 | R36: 즉시발송 | T36: LMS 문자 | U36: 매표소 교환 / 바로 입장 | 모바일 이용권 현장 매표소 제시 후 이용 가능(재발송 가능 상품) | V36: 20 | W36: 기한: 수령 후 7일 이내 | 수수료: 발송·취소 장당 1,000원 | 불가: 부분취소, 기간경과 | 접수: 유선 | X36: 루덴시아 | Y36: 경기 여주시 산북면 금품1로 177 여주 루덴시아 | Z36: 0507-1359-1025 | AA36: https://www.ludensia.com/ | AB36: 바로 사용가능 | AC36: Y | AE36: 2026-09-30T04:40:44
A37: 327284 | B37: 테마파크 | C37: 테마파크 | D37: 경남 | E37: 영남 | F37: 진주 | G37: 타이거펀치 키즈랜드 | H37: 진주에 오픈하는 1200평 규모의 대형 키즈랜드 | I37: 7000 | J37: 5000 | K37: 29 | L37: 주중 3시간 대인 입장권 타이거펀치(~10/31) | M37: 4 | N37: 2026-05-08 | O37: 2026-10-31 | Q37: 모바일티켓;바로 사용가능 | R37: 즉시발송 | S37: 엘에스컴퍼니 | T37: 알림톡 | U37: 매표소 교환 / 바로 입장 | 모바일 이용권 현장 매표소 제시 후 이용 가능(재발송 가능 상품) | V37: 20 | W37: 기한: 수령 후 7일 이내 | 수수료: 발송·취소 장당 1,000원 | 불가: 부분취소, 기간경과 | 접수: 유선(주중) | X37: 타이거펀치 키즈랜드 | Y37: 경남 진주시 명석면 진주대로 1982 | Z37: 055-763-3133 | AB37: 바로 사용가능 | AC37: Y | AE37: 2026-09-30T04:40:46
A38: 328862 | B38: 테마파크 | C38: 테마파크 | D38: 울산 | E38: 영남 | F38: 울산 | G38: 캐니언파크 | H38: 최대 규모의 애니멀 복합 테마파크 캐니언파크 울산점 오픈! | I38: 20000 | J38: 10000 | K38: 50 | L38: 평일/주말 유아입장권+실내놀이동산PKG 캐니언파크(~12/31) | M38: 5 | N38: 구매일 | O38: 2026-12-31 | Q38: 모바일티켓;바로 사용가능 | R38: 즉시발송 | S38: 엘에스컴퍼니 | T38: 알림톡 | U38: 매표소 교환 / 바로 입장 | 모바일 이용권 현장 매표소 제시 후 이용 가능(재발송 가능 상품) | V38: 20 | W38: 기한: 수령 후 7일 이내 | 수수료: 발송·취소 장당 1,000원 | 불가: 부분취소, 기간경과 | 접수: 유선(주중) | X38: 캐니언파크 | Y38: 울산 중구 만남의거리 15 3층, 4층 | Z38: 052-939-2100 | AB38: 바로 사용가능 | AC38: Y | AE38: 2026-09-30T04:40:49
A39: 325394 | B39: 테마파크 | C39: 테마파크 | D39: 경북 | E39: 영남 | F39: 경주 | G39: 원더스페이스 보문점 | H39: 원더스페이스에서 즐기는 복합 놀이 시설 테마파크! | I39: 50000 | J39: 23000 | K39: 54 | L39: 통합이용권A 원더스페이스(~10/31) | M39: 1 | N39: 구매일 | O39: 2026-10-31 | Q39: 모바일티켓;바로 사용가능 | R39: 즉시발송 | S39: 엘에스컴퍼니 | T39: 알림톡 | U39: 매표소 교환 / 바로 입장 | 모바일 이용권 현장 매표소 제시 후 이용 가능(재발송 가능 상품) | V39: 20 | W39: 기한: 수령 후 7일 이내 | 수수료: 발송·취소 장당 1,000원 | 불가: 부분취소, 기간경과 | 접수: 유선(주중) | X39: 원더스페이스 보문점 | Y39: 경북 경주시 보문로 391 원더스페이스 보문점 | Z39: 054-749-8999 | AB39: 바로 사용가능 | AC39: Y | AE39: 2026-09-30T04:40:51
A40: 326906 | B40: 테마파크 | C40: 테마파크 | D40: 경북 | E40: 영남 | F40: 청도 | G40: 프로방스 | H40: 여름숲속 빛축제! | I40: 14900 | J40: 8900 | K40: 40 | L40: 입장권 프로방스(~9/30) | M40: 1 | N40: 구매일 | O40: 2026-09-30 | Q40: 모바일티켓;바로 사용가능 | R40: 즉시발송 | S40: 엘에스컴퍼니 | T40: 알림톡 | U40: 매표소 교환 / 바로 입장 | 모바일 이용권 현장 매표소 제시 후 이용 가능(재발송 가능 상품) | V40: 20 | W40: 기한: 수령 후 7일 이내 | 수수료: 발송·취소 장당 1,000원 | 불가: 부분취소, 기간경과 | 접수: 유선(주중) | X40: 청도 프로방스 | Y40: 경북 청도군 화양읍 이슬미로 272-23 | Z40: 054-372-5050 | AB40: 바로 사용가능 | AC40: Y | AE40: 2026-09-30T04:40:54
A41: 322370 | B41: 테마파크 | C41: 테마파크 | D41: 대구 | E41: 영남 | F41: 대구 | G41: 네이처파크 | H41: 12만 평 부지의 식물원 내 초대형 글라스하우스 동물원! | I41: 20000 | J41: 10000 | K41: 50 | L41: 1인 종일권 네이처파크(~9/30) | M41: 2 | N41: 구매일 | O41: 2026-09-30 | Q41: 모바일티켓;바로 사용가능 | R41: 즉시발송 | S41: 엘에스컴퍼니 | T41: 알림톡 | U41: 매표소 교환 / 바로 입장 | 모바일 이용권 현장 매표소 제시 후 이용 가능(재발송 가능 상품) | V41: 20 | W41: 기한: 수령 후 7일 이내 | 수수료: 발송·취소 장당 1,000원 | 불가: 부분취소, 기간경과 | 접수: 유선(주중) | X41: 네이처파크 | Y41: 대구 달성군 가창면 가창로 891 | Z41: 1688-8511 | AB41: 바로 사용가능 | AC41: Y | AE41: 2026-09-30T04:40:57
A42: 325898 | B42: 테마파크 | C42: 테마파크 | D42: 경북 | E42: 영남 | F42: 경주 | G42: 엑스포대공원 | H42: 365일 힐링파크! | I42: 14900 | J42: 8100 | K42: 46 | L42: 소인 이용권 엑스포 대공원(~10/31) | M42: 2 | N42: 구매일 | O42: 2026-10-31 | Q42: 모바일티켓;바로 사용가능 | R42: 즉시발송 | S42: 엘에스컴퍼니 | T42: 알림톡 | U42: 매표소 교환 / 바로 입장 | 모바일 이용권 현장 매표소 제시 후 이용 가능(재발송 가능 상품) | V42: 20 | W42: 기한: 수령 후 7일 이내 | 수수료: 발송·취소 장당 1,000원 | 불가: 부분취소, 기간경과 | 접수: 유선(주중) | X42: [경주] 엑스포대공원 | Y42: 경북 경주시 경감로 614 | Z42: 054-748-3011 | AB42: 바로 사용가능 | AC42: Y | AE42: 2026-09-30T04:41:00
A43: 325142 | B43: 워터파크 | C43: 워터파크 | D43: 경기 | E43: 수도권 | F43: 하남/고양/안성 | G43: 아쿠아필드 | H43: 생각을 비우다. 여유를 채우다! | I43: 58000 | J43: 32500 | K43: 44 | L43: 워터파크 6시간 이용권 아쿠아필드(3개 지점 중 택1)(8/18~10/26) | M43: 3 | N43: 2026-08-18 | O43: 2026-10-26 | Q43: 모바일티켓;수령 후 사용 가능 | R43: 수령후사용 | T43: LMS 문자/순차 발송 | U43: QR/바코드 제시 / 매표소 교환 / 바로 입장 | LMS 바코드 문자 이용권 현장 매표소 제시 후 이용 가능(재발송 가능 상품) | V43: 20 | W43: 기한: 수령 후 7일 이내 | 수수료: 발송·취소 장당 1,000원 | 불가: 부분취소, 기간경과 | 접수: 유선 | X43: 아쿠아필드 하남/고양/안성 | Y43: 경기 하남시 미사대로 750 스타필드 하남 3층 | Z43: 031-8072-8800 | AB43: 수령 후 사용 가능 | AC43: Y | AE43: 2026-09-30T04:41:03
A44: 328355 | B44: 워터파크 | C44: 워터파크 | D44: 경기 | E44: 수도권 | F44: 여주 | G44: 썬밸리 워터파크 | H44: 전 세대가 즐길 수 있는 헬레니즘 워터파크 | I44: 38000 | J44: 20700 | K44: 46 | L44: 비수기 대인종일권 썬밸리(8/24~9/30) | M44: 3 | N44: 2026-08-24 | O44: 2026-11-29 | Q44: 모바일티켓;바로 사용가능 | R44: 즉시발송 | T44: LMS 문자 | U44: 매표소 교환 / 바로 입장 | 모바일 이용권 현장 매표소 제시 후 이용 가능(재발송 가능 상품) | V44: 30 | W44: 기한: 수령 후 7일 이내 | 수수료: 발송·취소 장당 1,000원 | 불가: 부분취소, 기간경과 | 접수: 유선 | X44: 썬밸리 워터파크 | Y44: 경기도 여주시 강변유원지길 45(연양동) | Z44: 031-880-3871, 3876~8 | AA44: https://www.sunvalley.co.kr/hotel/waterpark/intro | AB44: 바로 사용가능 | AC44: Y | AE44: 2026-09-30T04:41:05
A45: 329497 | B45: 워터파크 | C45: 워터파크 | D45: 부산 | E45: 영남 | F45: 부산 | G45: 클럽디오아시스 스파&워터파크 | H45: 부산 최초이자 유일한 도심형 온천 스파! | I45: 33000 | J45: 17000 | K45: 48 | L45: 클럽디오아시스 나이트스파권(9/1~9/30) | M45: 6 | N45: 2026-09-01 | O45: 2026-11-30 | Q45: 모바일티켓;바로 사용가능 | R45: 즉시발송 | T45: LMS 문자 | U45: 매표소 교환 / 바로 입장 | 모바일 이용권 현장 매표소 제시 후 이용 가능(재발송 가능 상품) | V45: 10 | W45: 기한: 수령 후 7일 이내 | 수수료: 발송·취소 장당 1,000원 | 불가: 부분취소, 기간경과 | 접수: 유선 | X45: 클럽디오아시스 | Y45: 부산 해운대구 달맞이길 30 엘시티 | Z45: 1566-8007 | AA45: https://www.clubdoasis.com/ | AB45: 바로 사용가능 | AC45: Y | AE45: 2026-09-30T04:41:08
A46: 330190 | B46: 테마파크 | C46: 테마파크 | D46: 경기 | E46: 수도권 | F46: 고양 | G46: 프렌디노 공룡 어린이키즈 | H46: 도심 속 공룡 테마파크! | I46: 10000 | J46: 7000 | K46: 30 | L46: 프렌디노 공룡 어린이키즈 대인종일권(~11/1) | M46: 4 | N46: 2025-09-01 | O46: 2026-11-01 | Q46: 모바일티켓;바로 사용가능 | R46: 즉시발송 | T46: LMS 문자 | U46: 매표소 교환 / 바로 입장 | V46: 100 | W46: 기한: 수령 후 7일 이내 | 수수료: 발송·취소 장당 1,000원 | 불가: 부분취소, 기간경과 | 접수: 유선 | X46: 프렌디노 공룡 키즈파크 | Y46: 경기 고양시 일산서구 한류월드로 300 3층 3001호 | Z46: 0507-1369-9756 | AA46: https://www.instagram.com/friendino.official/ | AB46: 바로 사용가능 | AC46: Y | AE46: 2026-09-30T04:41:10
A47: 326780 | B47: 테마파크 | C47: 테마파크 | D47: 경기 | E47: 수도권 | F47: 남양주 | G47: 프리미어 뽀로로테마파크 다산 위드트래블 | H47: 1,000평 규모에 인터랙티브 미디어 아트 테마파크 | I47: 30000 | J47: 15000 | K47: 50 | L47: 주중 대인 종일권 뽀로로파크(~9/30) | M47: 4 | N47: 2026-06-01 | O47: 2026-09-30 | Q47: 모바일티켓;바로 사용가능 | R47: 즉시발송 | S47: H2OKR | T47: 알림톡 | U47: QR/바코드 제시 / 바로 입장 | 알림톡 이용권 현장 키오스크 발권 후 이용 가능(재발송 가능 상품) | V47: 10 | W47: 기한: 수령 후 7일 이내 | 수수료: 발송·취소 장당 1,000원 | 불가: 부분취소, 기간경과 | 접수: 유선 | X47: 프리미어 뽀로로테마파크 다산 위드 트래블 | Y47: 경기 남양주시 다산지금로 202 현대테라타워DIMC 지하1층 RB1-0001호 외 4호 | Z47: 0507-1390-3624 | AA47: http://www.pororopark.com/index.php | AB47: 바로 사용가능 | AC47: Y | AE47: 2026-09-30T04:41:13
A48: 330379 | B48: 워터파크 | C48: 워터파크 | D48: 경북 | E48: 영남 | F48: 경북 | G48: 경주 뽀로로아쿠아빌리지 워터파크 | H48: 뽀로로와 함께 떠나는 두근두근 어드벤처~ | I48: 50000 | J48: 24900 | K48: 50 | L48: 주중권 뽀로로아쿠아빌리지(10/1~10/30) | M48: 2 | N48: 2026-10-01 | O48: 2026-10-31 | Q48: 모바일티켓;바로 사용가능 | R48: 즉시발송 | S48: 놀이의발견 | T48: 알림톡 | U48: 매표소 교환 / 바로 입장 | 카카오톡 이용권 현장 매표소 제시 후 이용 가능(재발송 가능 상품) | V48: 10 | W48: 기한: 수령 후 7일 이내 | 수수료: 발송·취소 장당 1,000원 | 불가: 부분취소, 기간경과 | 접수: 유선 | X48: 경주 뽀로로아쿠아빌리지 | Y48: 경상북도 경주시 보문로 182-27 | Z48: 0507-1465-8309 | AB48: 바로 사용가능 | AC48: Y | AE48: 2026-09-30T04:41:15
A49: 325268 | B49: 워터파크 | C49: 워터파크 | D49: 전남 | E49: 호남 | F49: 화순 | G49: 화순아쿠아나 | H49: 남도 제일의 휴양 온천수!! | I49: 55000 | J49: 18000 | K49: 67 | L49: 주중종일권 비수기 화순아쿠아나(8/31~12/31) | M49: 2 | N49: 2026-08-31 | O49: 2026-12-31 | Q49: 모바일티켓;수령 후 사용 가능 | R49: 수령후사용 | T49: LMS 문자/순차 발송 | U49: QR/바코드 제시 / 매표소 교환 / 바로 입장 | LMS 바코드 문자 이용권 현장 매표소 제시 후 이용 가능(재발송 가능 상품) | V49: 100 | W49: 기한: 수령 후 7일 이내 | 수수료: 발송·취소 장당 1,000원 | 불가: 부분취소, 기간경과 | 접수: 유선 | X49: 화순 아쿠아나 | Y49: 전라남도 화순군 백아면 옥리길 14-21 | Z49: 061-370-5070 | AA49: https://www.kumhoresort.co.kr/aquana/?khr=A1110 | AB49: 수령 후 사용 가능 | AC49: Y | AE49: 2026-09-30T04:41:17
A50: 326591 | B50: 워터파크 | C50: 워터파크 | D50: 서울 | E50: 수도권 | F50: 서울 | G50: 씨랄라 워터파크 | H50: 도심 속 사계절 물놀이 휴양공간 | I50: 40000 | J50: 24900 | K50: 38 | L50: 대소공통 종일권 씨랄라 워터파크(9/1~10/31) | M50: 2 | N50: 2026-09-01 | O50: 2026-10-31 | Q50: 모바일티켓;바로 사용가능 | R50: 즉시발송 | T50: LMS 문자 | U50: 매표소 교환 / 바로 입장 | 모바일 이용권 현장 매표소 제시 후 이용 가능(재발송 가능 상품) | V50: 100 | W50: 기한: 수령 후 7일 이내 | 수수료: 발송·취소 장당 1,000원 | 불가: 부분취소, 기간경과 | 접수: 유선 | X50: 씨랄라 워터파크 | Y50: 서울 영등포구 문래로 164 | Z50: 1522-9661 | AA50: http://www.sealala.com/ | AB50: 바로 사용가능 | AC50: Y | AE50: 2026-09-30T04:41:20
A51: 320284 | B51: 테마파크 | C51: 테마파크 | D51: 경기 | E51: 수도권 | F51: 동탄 | G51: 아르티스 테마파크 | H51: 국내 유일 실내 생태 체험 테마파크! | I51: 7000 | J51: 6200 | K51: 11 | L51: 7종 먹이주기 체험 풀세트 아르티스 테마파크(~12/31) | M51: 3 | N51: 구매일 | O51: 2026-12-31 | Q51: 모바일티켓;바로 사용가능 | R51: 즉시발송 | S51: 엘에스컴퍼니 | T51: 알림톡 | U51: 매표소 교환 / 바로 입장 | 모바일 이용권 현장 매표소 제시 후 이용 가능(재발송 가능 상품) | V51: 20 | W51: 기한: 수령 후 7일 이내 | 수수료: 발송·취소 장당 1,000원 | 불가: 부분취소, 기간경과 | 접수: 유선(주중) | X51: 아르티스 테마파크 | Y51: 경기 화성시 동탄구 동탄대로19길 10 신유메디프라자 9층 | Z51: 0507-1310-4028 | AA51: https://www.artisthemepark.co.kr/ | AB51: 바로 사용가능 | AC51: Y | AE51: 2026-09-30T04:41:22
A52: 309658 | B52: 테마파크 | C52: 테마파크 | D52: 경기 | E52: 수도권 | F52: 가평 | G52: 베고니아 새정원 | H52: 꽃, 새, 정원이 있는 스마일링 힐링 파크!! | I52: 18000 | J52: 15000 | K52: 17 | L52: 대인입장권 베고니아 새정원(~12/31) | M52: 2 | N52: 2026-03-24 | O52: 2026-12-31 | Q52: 모바일티켓;바로 사용가능 | R52: 즉시발송 | S52: 엘에스컴퍼니 | T52: 알림톡 | U52: 매표소 교환 / 바로 입장 | 모바일 이용권 현장 매표소 제시 후 이용 가능(재발송 가능 상품) | V52: 20 | W52: 기한: 수령 후 7일 이내 | 수수료: 발송·취소 장당 1,000원 | 불가: 부분취소, 기간경과 | 접수: 유선(주중) | X52: 가평 베고니아 새정원 | Y52: 경기 가평군 설악면 미사리로270번길 28 가평베고니아새정원 | Z52: 031-584-4477 | AA52: https://www.begoniabirdpark.com/ | AB52: 바로 사용가능 | AC52: Y | AE52: 2026-09-30T04:41:25
A53: 328229 | B53: 공연 | C53: 콘서트 | D53: 서울 | E53: 수도권 | F53: 홍대 | G53: 쇼츠 -SHOWS -세계최초 액션 퍼포먼스펍- | H53: 태권도를 활용한 액션 퍼포먼스와 맛있는 음식을 즐길 수 있는 이색 공연장! | I53: 40000 | J53: 19000 | K53: 53 | L53: [홍대] 쇼츠 공연관람권 (토요일 19:30) | M53: 1 | N53: 구매일 | P53: 30 | Q53: 모바일티켓;예약필수 | R53: 예약필수 | U53: 전화 예약 | V53: 100 | W53: 수수료: D-7 50%, D-3 20% | 불가: 예약확정 후 | 접수: 유선(주중) | X53: 홍대 쇼츠 | Y53: 서울 마포구 홍익로5길 25 3층 | Z53: 010-2607-9274 | AA53: https://naver.me/xgN36YCy | AB53: 예약필수 | AC53: Y | AE53: 2026-09-30T04:41:27
A54: 330253 | B54: 테마파크 | C54: 아쿠아리움 | D54: 부산 | E54: 영남 | F54: 부산 | G54: 씨라이프 부산아쿠아리움 | H54: 놀라운 바닷속 탐험! | I54: 31000 | J54: 23500 | K54: 24 | L54: 입장권 부산아쿠아리움(~11/30) | M54: 2 | N54: 2026-01-20 | O54: 2026-11-30 | Q54: 모바일티켓;수령 후 사용 가능 | R54: 수령후사용 | T54: LMS 문자 | U54: QR/바코드 제시 / 매표소 교환 / 바로 입장 | LMS 바코드 문자 이용권 현장 매표소 제시 후 이용 가능(재발송 가능 상품) | V54: 20 | W54: 기한: 수령 후 7일 이내 | 수수료: 발송·취소 장당 1,000원 | 불가: 부분취소, 기간경과 | 접수: 유선 | X54: 씨라이프부산아쿠아리움 | Y54: 부산 해운대구 해운대해변로 266 | Z54: 051-740-1700 | AA54: https://www.visitsealife.com/busan/ | AB54: 수령 후 사용 가능 | AC54: Y | AE54: 2026-09-30T04:41:30
A55: 327095 | B55: 테마파크 | C55: 아쿠아리움 | D55: 경기 | E55: 수도권 | F55: 일산 | G55: 일산아쿠아플라넷 | H55: 도심 속에서 즐기는 해저여행과 정글탐험 | I55: 31000 | J55: 22500 | K55: 27 | L55: 입장권 일산아쿠아플라넷 | M55: 1 | N55: 구매일 | P55: 60 | Q55: 모바일티켓;바로 사용가능 | R55: 즉시발송 | T55: LMS 문자 | U55: QR/바코드 제시 / 매표소 교환 / 바로 입장 | LMS 바코드 문자 이용권 현장 매표소 제시 후 이용 가능(재발송 가능 상품) | V55: 100 | W55: 기한: 수령 후 7일 이내 | 수수료: 발송·취소 장당 1,000원 | 불가: 부분취소, 기간경과 | 접수: 유선 | X55: 아쿠아플라넷 일산 | Y55: 경기 고양시 일산서구 한류월드로 282 아쿠아플라넷 일산 | Z55: 1833-7001 | AA55: https://www.aquaplanet.co.kr/ilsan/index.do | AB55: 바로 사용가능 | AC55: Y | AE55: 2026-09-30T04:41:33
A56: 279057 | B56: 테마파크 | C56: 아쿠아리움 | D56: 제주 | E56: 제주 | F56: 제주 | G56: 제주아쿠아플라넷 | H56: 제주의 바다를 그대로 담은 국내 최대 아쿠아리움 | I56: 43700 | J56: 34300 | K56: 22 | L56: 이용권 제주아쿠아플라넷 | M56: 1 | N56: 구매일 | P56: 60 | Q56: 모바일티켓;바로 사용가능 | R56: 즉시발송 | T56: LMS 문자 | U56: 매표소 교환 / 바로 입장 | 모바일 이용권 현장 매표소 제시 후 이용 가능(재발송 가능 상품) | V56: 100 | W56: 기한: 수령 후 7일 이내 | 수수료: 발송·취소 장당 1,000원 | 불가: 부분취소, 기간경과 | 접수: 유선 | X56: 아쿠아플라넷 제주 | Y56: 제주특별자치도서귀포시 성산읍 섭지 | Z56: 064-780-0900 | AA56: https://www.aquaplanet.co.kr/jeju/index.do | AB56: 바로 사용가능 | AC56: Y | AE56: 2026-09-30T04:41:35
A57: 330316 | B57: 워터파크 | C57: 워터파크 | D57: 제주 | E57: 제주 | F57: 제주 | G57: 제주아쿠아나 | H57: 남쪽의 최고 여행지 제주도!! | I57: 35000 | J57: 18000 | K57: 49 | L57: 이용권 제주아쿠아나(~11/30) | M57: 1 | N57: 2026-06-29 | O57: 2026-11-30 | Q57: 모바일티켓;수령 후 사용 가능 | R57: 수령후사용 | T57: LMS 문자/순차 발송 | U57: QR/바코드 제시 / 매표소 교환 / 바로 입장 | LMS 바코드 문자 이용권 현장 매표소 제시 후 이용 가능(재발송 가능 상품) | V57: 20 | W57: 기한: 수령 후 7일 이내 | 수수료: 발송·취소 장당 1,000원 | 불가: 부분취소, 기간경과 | 접수: 유선 | X57: 제주아쿠아나 | Y57: 제주특별자치도 서귀포시 남원읍 태위로 522-12 | Z57: 064-766-8000 | AA57: https://www.kumhoresort.co.kr/aquana/?khr=B1110 | AB57: 수령 후 사용 가능 | AC57: Y | AE57: 2026-09-30T04:41:38
A58: 328292 | B58: 워터파크 | C58: 워터파크 | D58: 부산 | E58: 영남 | F58: 부산 | G58: 센텀 스파랜드 | H58: 품격 있는 힐링공간에서 즐기는 다양한 스파 | I58: 26000 | J58: 20500 | K58: 21 | L58: 4시간이용권 센텀스파랜드(~10/29) | M58: 1 | N58: 2026-07-01 | O58: 2026-10-29 | Q58: 모바일티켓;수령 후 사용 가능 | R58: 수령후사용 | T58: LMS 문자/순차 발송 | U58: 매표소 교환 / 바로 입장 | 모바일 이용권 현장 매표소 제시 후 이용 가능(재발송 가능 상품) | V58: 20 | W58: 기한: 수령 후 7일 이내 | 수수료: 발송·취소 장당 1,000원 | 불가: 부분취소, 기간경과 | 접수: 유선 | X58: 센텀 스파랜드 | Y58: 부산 해운대구 센텀남대로 35 신세계백화점센텀시티점 | Z58: 1668-2850 | AA58: https://www.shinsegae.com/store/entertainment/centum-spaland.do?storeCd=SC00008 | AB58: 수령 후 사용 가능 | AC58: Y | AE58: 2026-09-30T04:41:40
A59: 328481 | B59: 숙박 | C59: 숙박 | D59: 충남 | E59: 충청 | F59: 아산 | G59: 파라다이스 스파도고 캐빈파크 | H59: 낭만이 가득한 캠핑, 캐빈파크에서의 하룻밤! | I59: 160000 | J59: 156000 | K59: 3 | L59: 디럭스 주중 하반기 로우시즌 ROOM ONLY 파라다이스스파도고캐빈파크 | M59: 8 | N59: 구매일 | O59: 2026-10-31 | Q59: 모바일티켓;예약필수 | R59: 예약대기 | T59: LMS 문자 | U59: 전화 예약 | 사전예약 후 방문 | V59: 100 | W59: 수수료: D-3 기본수수료, D-2 10%, D-1 50% | 불가: 당일·노쇼 | 접수: 유선 | X59: 파라다이스 스파도고 | Y59: 충청남도 아산시 도고면 도고온천로 176 | Z59: 041-537-7100 | AA59: http://www.paradisespa.co.kr/ | AB59: 예약필수 | AC59: Y | AE59: 2026-09-30T04:41:43
A60: 328799 | B60: 테마파크 | C60: 테마파크 | D60: 세종 | E60: 충청 | F60: 세종 | G60: 세종공룡월드 | H60: 시간 제한도 외출 제한도 없는 무제한 공룡 테마파크 | I60: 18000 | J60: 14400 | K60: 20 | L60: 주중종일권 세종공룡월드(~10/11) | M60: 2 | N60: 구매일 | O60: 2026-10-11 | Q60: 모바일티켓;바로 사용가능 | R60: 즉시발송 | S60: 엘에스컴퍼니 | T60: 알림톡 | U60: 매표소 교환 / 바로 입장 | 모바일 이용권 현장 매표소 제시 후 이용 가능(재발송 가능 상품) | V60: 20 | W60: 기한: 수령 후 7일 이내 | 수수료: 발송·취소 장당 1,000원 | 불가: 부분취소, 기간경과 | 접수: 유선(주중) | X60: 세종 공룡월드 | Y60: 세종 국세청로 32 마크원에비뉴 A501호 | Z60: 044-864-0935 | AA60: https://www.instagram.com/sejong_dino/= | AB60: 바로 사용가능 | AC60: Y | AE60: 2026-09-30T04:41:45
A61: 329686 | B61: 테마파크 | C61: 테마파크 | D61: 경기 | E61: 수도권 | F61: 시흥 | G61: 시흥공룡월드 | H61: 시흥 공룡월드&키즈카페에서 볼거리, 즐길거리 가득 ! | I61: 25000 | J61: 19800 | K61: 21 | L61: 주중 종일권 시흥공룡월드(~12/31) | M61: 2 | N61: 구매일 | O61: 2026-12-31 | Q61: 모바일티켓;바로 사용가능 | R61: 즉시발송 | S61: 엘에스컴퍼니 | T61: 알림톡 | U61: 매표소 교환 / 바로 입장 | 모바일 이용권 현장 매표소 제시 후 이용 가능(재발송 가능 상품) | V61: 20 | W61: 기한: 수령 후 7일 이내 | 수수료: 발송·취소 장당 1,000원 | 불가: 부분취소, 기간경과 | 접수: 유선(주중) | X61: 시흥공룡월드 | Y61: 경기 시흥시 은계호수로 49 지하1층 비077-1호,비077-2호 | Z61: 031-314-0101 | AA61: https://www.instagram.com/siheung_dinoworld/?igsh=cm4zeWprMjNqaG9u&utm_source=qr/ | AB61: 바로 사용가능 | AC61: Y | AE61: 2026-09-30T04:41:48
A62: 329749 | B62: 테마파크 | C62: 테마파크 | D62: 충남 | E62: 충청 | F62: 아산 | G62: 아산공룡월드 | H62: 다양한 쇼와 공룡을 함께 즐기는 아산 공룡월드! | I62: 20000 | J62: 16200 | K62: 19 | L62: 주중·주말공통 종일권 아산공룡월드(~12/31) | M62: 1 | N62: 구매일 | O62: 2026-12-31 | Q62: 모바일티켓;바로 사용가능 | R62: 즉시발송 | S62: 엘에스컴퍼니 | T62: 알림톡 | U62: 매표소 교환 / 바로 입장 | 모바일 이용권 현장 매표소 제시 후 이용 가능(재발송 가능 상품) | V62: 20 | W62: 기한: 수령 후 7일 이내 | 수수료: 발송·취소 장당 1,000원 | 불가: 부분취소, 기간경과 | 접수: 유선(주중) | X62: 아산 공룡월드 | Y62: 충남 아산시 둔포면 해위안길 127 | Z62: 041-536-0635 | AA62: http://www.1stvillage.com/web/asanworld/ | AB62: 바로 사용가능 | AC62: Y | AE62: 2026-09-30T04:41:50
A63: 330064 | B63: 테마파크 | C63: 테마파크 | D63: 경기 | E63: 수도권 | F63: 용인 | G63: 용인공룡월드 | H63: 꿈과 상상력을 만드는 용인 대형 키즈카페! | I63: 22000 | J63: 18000 | K63: 18 | L63: 주중종일권 용인공룡월드(~12/31) | M63: 2 | N63: 구매일 | O63: 2026-12-31 | Q63: 모바일티켓;바로 사용가능 | R63: 즉시발송 | S63: 엘에스컴퍼니 | T63: 알림톡 | U63: 매표소 교환 / 바로 입장 | 모바일 이용권 현장 매표소 제시 후 이용 가능(재발송 가능 상품) | V63: 20 | W63: 기한: 수령 후 7일 이내 | 수수료: 발송·취소 장당 1,000원 | 불가: 부분취소, 기간경과 | 접수: 유선(주중) | X63: 용인 공룡월드 | Y63: 경기 용인시 처인구 중부대로 1294 4층호 | Z63: 031-338-3100 | AA63: https://www.instagram.com/yongin_dinoworld/ | AB63: 바로 사용가능 | AC63: Y | AE63: 2026-09-30T04:41:53
A64: 329875 | B64: 테마파크 | C64: 테마파크 | D64: 경기 | E64: 수도권 | F64: 동탄 | G64: 동탄공룡월드 | H64: 동탄공룡월드 볼거리, 즐길거리 가득 ! 꿈과 상상력을 만드는곳! | I64: 12000 | J64: 8700 | K64: 28 | L64: 주중 종일대인권 동탄공룡월드(~12/31) | M64: 4 | N64: 구매일 | O64: 2026-12-31 | Q64: 모바일티켓;바로 사용가능 | R64: 즉시발송 | S64: 엘에스컴퍼니 | T64: 알림톡 | U64: 매표소 교환 / 바로 입장 | 모바일 이용권 현장 매표소 제시 후 이용 가능(재발송 가능 상품) | V64: 20 | W64: 기한: 수령 후 7일 이내 | 수수료: 발송·취소 장당 1,000원 | 불가: 부분취소, 기간경과 | 접수: 유선(주중) | X64: 동탄 공룡월드 | Y64: 경기 화성시 동탄순환대로27길 30 가동 2층 | Z64: 031-377-3123 | AA64: https://map.naver.com/p/search/%EA%B3%B5%EB%A3%A1%EC%9B%94%EB%93%9C/place/2057427221?placePath=/home?entry=pll&from=map&fromNxList=true&fromPanelNum=2&timestamp=202511061155&locale=ko&svcName=map_pcv5&searchText=%EA%B3%B5%EB%A3%A1%EC%9B%94%EB%93%9C&searchType=place/ | AB64: 바로 사용가능 | AC64: Y | AE64: 2026-09-30T04:41:55
A65: 329812 | B65: 테마파크 | C65: 테마파크 | D65: 인천 | E65: 수도권 | F65: 인천 | G65: 인천공룡월드 | H65: 아이와 함께 가볼만한 곳으로 입소문이 자자한 인천대형키즈카페! | I65: 22000 | J65: 18000 | K65: 18 | L65: 주중종일권 인천공룡월드(~12/31) | M65: 2 | N65: 구매일 | O65: 2026-12-31 | Q65: 모바일티켓;바로 사용가능 | R65: 즉시발송 | S65: 엘에스컴퍼니 | T65: 알림톡 | U65: 매표소 교환 / 바로 입장 | 모바일 이용권 현장 매표소 제시 후 이용 가능(재발송 가능 상품) | V65: 20 | W65: 기한: 수령 후 7일 이내 | 수수료: 발송·취소 장당 1,000원 | 불가: 부분취소, 기간경과 | 접수: 유선(주중) | X65: 인천 공룡월드 | Y65: 인천 연수구 첨단대로 104 연구동 3층 | Z65: 032-811-2200 | AA65: https://www.instagram.com/incheon_dinoworld/ | AB65: 바로 사용가능 | AC65: Y | AE65: 2026-09-30T04:41:58
A66: 327662 | B66: 테마파크 | C66: 테마파크 | D66: 충남 | E66: 충청 | F66: 천안 | G66: 천안 공룡월드&키즈카페 | H66: 천안 아이와 함께 가볼만한곳! | I66: 23000 | J66: 17900 | K66: 22 | L66: 주중 종일권 천안공룡월드(~10/31) | M66: 2 | N66: 구매일 | O66: 2026-10-31 | Q66: 모바일티켓;바로 사용가능 | R66: 즉시발송 | S66: 엘에스컴퍼니 | T66: 알림톡 | U66: 매표소 교환 / 바로 입장 | 모바일 이용권 현장 매표소 제시 후 이용 가능(재발송 가능 상품) | V66: 20 | W66: 기한: 수령 후 7일 이내 | 수수료: 발송·취소 장당 1,000원 | 불가: 부분취소, 기간경과 | 접수: 유선(주중) | X66: 천안 공룡월드 | Y66: 충남 천안시 동남구 청수11로 35 9층 | Z66: 041-522-7890 | AB66: 바로 사용가능 | AC66: Y | AE66: 2026-09-30T04:42:00
A67: 329623 | B67: 테마파크 | C67: 테마파크 | D67: 전국 | E67: 전국 | F67: 전국 | G67: 히어로 플레이파크 | H67: 국내 최초 가족형 실내 놀이공원,미국식 초대형 테마파크! | I67: 30000 | J67: 21600 | K67: 28 | L67: 대구점 반일 소인권 히어로플레이파크(5시간)(~10/31) | M67: 20 | N67: 구매일 | O67: 2026-10-31 | Q67: 모바일티켓;바로 사용가능 | R67: 즉시발송 | S67: 엘에스컴퍼니 | T67: 알림톡 | U67: 매표소 교환 / 바로 입장 | 모바일 이용권 현장 매표소 제시 후 이용 가능(재발송 가능 상품) | V67: 10 | W67: 기한: 수령 후 7일 이내 | 수수료: 발송·취소 장당 1,000원 | 불가: 부분취소, 기간경과 | 접수: 유선 | X67: 히어로 플레이파크 | Y67: 지점별 상이 | Z67: 지점별 상이 | AA67: http://www.herokidspark.co.kr/#main/ | AB67: 바로 사용가능 | AC67: Y | AE67: 2026-09-30T04:42:03
A68: 329560 | B68: 테마파크 | C68: 테마파크 | D68: 전남 | E68: 호남 | F68: 여수 | G68: 녹테마레 위드미디어 | H68: 여수 가볼 만한 곳 중 색다른 실내 여행지를 찾고 있다면? | I68: 20000 | J68: 13900 | K68: 31 | L68: 성인 이용권 녹테마레(~10/31) | M68: 3 | N68: 구매일 | O68: 2026-10-31 | Q68: 모바일티켓;바로 사용가능 | R68: 즉시발송 | S68: 엘에스컴퍼니 | T68: 알림톡 | U68: 매표소 교환 / 바로 입장 | 모바일 이용권 현장 매표소 제시 후 이용 가능(재발송 가능 상품) | V68: 20 | W68: 기한: 수령 후 7일 이내 | 수수료: 발송·취소 장당 1,000원 | 불가: 부분취소, 기간경과 | 접수: 유선 | X68: 녹테마레 위드미디어 | Y68: 전남 여수시 만성로 294 녹테마레 | Z68: 0507-1407-7104 | AA68: https://noctemare.com/ | AB68: 바로 사용가능 | AC68: Y | AE68: 2026-09-30T04:42:06
A69: 327977 | B69: 테마파크 | C69: 테마파크 | D69: 경북 | E69: 영남 | F69: 경주 | G69: 라원 미디어아트 복합문화정원 | H69: 라원, 빛으로 피어나는 정원 | I69: 10000 | J69: 9000 | K69: 10 | L69: 소인(초등학생) 이용권 라원 미디어아트(~10/31) | M69: 3 | N69: 구매일 | O69: 2026-10-31 | Q69: 모바일티켓;바로 사용가능 | R69: 즉시발송 | S69: 엘에스컴퍼니 | T69: 알림톡 | U69: 매표소 교환 / 바로 입장 | 모바일 이용권 현장 매표소 제시 후 이용 가능(재발송 가능 상품) | V69: 20 | W69: 기한: 수령 후 7일 이내 | 수수료: 발송·취소 장당 1,000원 | 불가: 부분취소, 기간경과 | 접수: 유선(주중) | X69: 라원 미디어아트 복합문화정원 | Y69: 경북 경주시 경감로 233 | Z69: 054-742-5505 | AA69: https://www.gyeongju.go.kr/epg/ | AB69: 바로 사용가능 | AC69: Y | AE69: 2026-09-30T04:42:08
A70: 328925 | B70: 전시 | C70: 박물관 | D70: 서울 | E70: 수도권 | F70: 서울 | G70: 봉주르, 장자크 상페 | H70: 프랑스를 대표하는 거장 장자크 상페의 국내 최대 규모 특별전 | I70: 25000 | J70: 11000 | K70: 56 | L70: 소인 입장권 장자크 상페(~27/01/03) | M70: 3 | N70: 구매일 | O70: 2027-01-03 | Q70: 모바일티켓;바로 사용가능 | R70: 즉시발송 | S70: 엘에스컴퍼니 | T70: 알림톡 | U70: 매표소 교환 / 바로 입장 | 모바일 이용권 현장 매표소 제시 후 이용 가능(재발송 가능 상품) | V70: 20 | W70: 기한: 수령 후 7일 이내 | 수수료: 발송·취소 장당 1,000원 | 불가: 부분취소, 기간경과 | 접수: 유선(주중) | X70: 마이아트뮤지엄 원그로브점 | Y70: 서울 강서구 공항대로 165 원그로브 C동 2층 W213호 | Z70: 02-6106-0020 | AB70: 바로 사용가능 | AC70: Y | AE70: 2026-09-30T04:42:11
A71: 326528 | B71: 공연 | C71: 뮤지컬 | D71: 서울 | E71: 수도권 | F71: 서울 | G71: 페인터즈 | H71: 세상에 하나뿐인 마술같은 미술공연 | I71: 70000 | J71: 35000 | K71: 50 | L71: (광화문전용관)비지정 VIP석 14:00 페인터즈 | M71: 3 | N71: 구매일 | O71: 2026-12-31 | Q71: 모바일티켓;예약필수 | R71: 예약대기 | T71: 알림톡 | U71: 매표소 교환 / 전화 예약 | 관람 예약 확정 후 현장 매표소 방문 및 발권하여 관람 가능 | V71: 100 | W71: 불가: 예약확정 후 | 접수: 유선(주중) | X71: 주식회사 펜타토닉 | Y71: 서울시 중구 정동길 3 경향신문사 3층 | Z71: 02-766-7848 | AA71: https://www.thepainters.co.kr/ | AB71: 예약필수 | AC71: Y | AE71: 2026-09-30T04:42:13
A72: 280321 | B72: 공연 | C72: 연극 | D72: 서울 | E72: 수도권 | F72: 서울 | G72: 대학로 연극 뷰티풀라이프 | H72: 다시 오지 않을 이 순간 | I72: 50000 | J72: 16000 | K72: 68 | L72: 1인 관람권 뷰티풀라이프 | M72: 1 | N72: 구매일 | P72: 60 | Q72: 모바일티켓;예약필수 | R72: 예약필수 | U72: 매표소 교환 / 전화 예약 | 관람 예약 확정 후 현장 매표소 방문 및 티켓 발권하여 관람 가능(재발송 가능 상품) | V72: 100 | W72: 기한: 수령 후 7일 이내 | 수수료: 발송·취소 장당 1,000원 | 불가: 부분취소, 기간경과, 예약확정 후 | 접수: 유선(주중) | X72: 지안컴퍼니 | Y72: 서울특별시 종로구 이화장길 26 JTN 아트홀 | Z72: 02-719-0988 | AA72: https://tickets.interpark.com/goods/18001569 ; https://blog.naver.com/ziancompany | AB72: 예약필수 | AC72: Y | AE72: 2026-09-30T04:42:16
A73: 328418 | B73: 공연 | C73: 연극 | D73: 서울 | E73: 수도권 | F73: 서울 | G73: 대학로 연극 2호선 세입자 | H73: 강력한 웃음 만발 장전! | I73: 40000 | J73: 14000 | K73: 65 | L73: 1인 관람권 2호선세입자(구매 후 30일) | M73: 1 | N73: 구매일 | P73: 30 | Q73: 모바일티켓;예약필수 | R73: 예약필수 | U73: 매표소 교환 / 전화 예약 | 관람 예약 확정 후 현장 매표소 방문 및 발권하여 관람 가능(재발송 가능 상품) | V73: 100 | W73: 기한: 수령 후 7일 이내 | 수수료: 발송·취소 장당 1,000원 | 불가: 부분취소, 기간경과, 예약확정 후 | 접수: 유선(주중) | X73: (주)레드앤블루 | Y73: 서울특별시 종로구 대학로8가길 80 리트모빌딩 3층 | Z73: 02-764-8760 | AA73: https://tickets.interpark.com/goods/21013249?app_tapbar_state=hide& | AB73: 예약필수 | AC73: Y | AE73: 2026-09-30T04:42:19
A74: 308015 | B74: 테마파크 | C74: 테마파크 | D74: 서울 | E74: 수도권 | F74: 서울 | G74: N서울타워 전망대 입장권 | H74: 서울의 중심에서 만나는 특별한 순간! | I74: 23000 | J74: 18200 | K74: 21 | L74: N서울타워 전망대 소인 입장권(~12/31) | M74: 2 | N74: 2026-01-01 | O74: 2026-12-31 | Q74: 모바일티켓;수령 후 사용 가능 | R74: 수령후사용 | T74: LMS 문자/순차 발송 | U74: 매표소 교환 / 바로 입장 | 모바일 이용권 현장 매표소 제시 및 발권 후 이용 가능(재발송 가능 상품) | V74: 100 | W74: 기한: 수령 후 7일 이내 | 수수료: 발송·취소 장당 1,000원 | 불가: 부분취소, 기간경과 | 접수: 유선 | X74: N서울타워 | Y74: 서울 용산구 남산공원길 105(용산동2가) | Z74: 02-3455-9277, 9288 | AA74: https://www.nseoultower.co.kr:8501/index.asp | AB74: 수령 후 사용 가능 | AC74: Y | AE74: 2026-09-30T04:42:21
A75: 244498 | B75: 테마파크 | C75: 아쿠아리움 | D75: 경기 | E75: 수도권 | F75: 광교 | G75: 광교아쿠아플라넷 | H75: 경기남부 최고의 아쿠아리움 | I75: 30000 | J75: 20000 | K75: 33 | L75: 이용권 광교아쿠아플라넷 | M75: 1 | N75: 구매일 | P75: 60 | Q75: 모바일티켓;바로 사용가능 | R75: 즉시발송 | T75: LMS 문자 | U75: QR/바코드 제시 / 매표소 교환 / 바로 입장 | LMS 바코드 문자 이용권 현장 매표소 제시 후 이용 가능(재발송 가능 상품) | V75: 20 | W75: 기한: 수령 후 7일 이내 | 수수료: 발송·취소 장당 1,000원 | 불가: 부분취소, 기간경과 | 접수: 유선 | X75: 아쿠아플라넷 광교 | Y75: 경기도 수원시 영통구 광교호수공원로 300 갤러리아 광교 파사쥬 B1F | Z75: 1833-7001 | AA75: https://www.aquaplanet.co.kr/gwanggyo/index.do | AB75: 바로 사용가능 | AC75: Y | AE75: 2026-09-30T04:42:24
A76: 320158 | B76: 테마파크 | C76: 아쿠아리움 | D76: 전남 | E76: 호남 | F76: 여수 | G76: 여수아쿠아플라넷 | H76: 인간과 자연이 공생하는 아쿠아플라넷 여수 | I76: 36400 | J76: 27000 | K76: 26 | L76: 입장권(아쿠아리움+전시+영상관) 여수아쿠아플라넷 | M76: 1 | N76: 구매일 | P76: 60 | Q76: 모바일티켓;바로 사용가능 | R76: 즉시발송 | T76: LMS 문자 | U76: QR/바코드 제시 / 매표소 교환 / 바로 입장 | LMS 바코드 문자 이용권 현장 매표소 제시 후 이용 가능(재발송 가능 상품) | V76: 100 | W76: 기한: 수령 후 7일 이내 | 수수료: 발송·취소 장당 1,000원 | 불가: 부분취소, 기간경과 | 접수: 유선 | X76: 아쿠아플라넷 여수 | Y76: 전남 여수시 오동도로 61-11 아쿠아플라넷 여수 | Z76: 061-660-1111 | AA76: https://www.aquaplanet.co.kr/yeosu/index.do | AB76: 바로 사용가능 | AC76: Y | AE76: 2026-09-30T04:42:27
A77: 280924 | B77: 테마파크 | C77: 아쿠아리움 | D77: 대전 | E77: 충청 | F77: 대전 | G77: 대전엑스포아쿠아리움 | H77: 미디어아트와 살아있는 생물의 콜라보 | I77: 32000 | J77: 22400 | K77: 30 | L77: 대전엑스포아쿠아리움 | M77: 1 | N77: 구매일 | P77: 60 | Q77: 모바일티켓;바로 사용가능 | R77: 즉시발송 | T77: LMS 문자 | U77: QR/바코드 제시 / 매표소 교환 / 바로 입장 | LMS 바코드 문자 이용권 현장 매표소 제시 후 이용 가능(재발송 가능 상품) | V77: 20 | W77: 기한: 수령 후 7일 이내 | 수수료: 발송·취소 장당 1,000원 | 불가: 부분취소, 기간경과 | 접수: 유선(주중) | X77: 대전엑스포아쿠아리움 | Y77: 대전 유성구 엑스포로 1 대전 신세계 Art&Science 지하 1층 | Z77: 042-607-8852 | AA77: https://djexpoaqua.com/ | AB77: 바로 사용가능 | AC77: Y | AE77: 2026-09-30T04:42:29
A78: 317444 | B78: 테마파크 | C78: 테마파크 | D78: 경북 | E78: 영남 | F78: 경주 | G78: 또봇정크아트+엑스포공원 | H78: 거대한 또봇을 눈앞에서 만날수 있는 전시몰 | I78: 20000 | J78: 10900 | K78: 46 | L78: 또봇정크아트+엑스포공원 이용권(~12/31) | M78: 1 | N78: 2026-05-08 | O78: 2026-12-31 | Q78: 모바일티켓;바로 사용가능 | R78: 즉시발송 | S78: 엘에스컴퍼니 | T78: 알림톡 | U78: 매표소 교환 / 바로 입장 | 모바일 이용권 현장 매표소 제시 후 이용 가능(재발송 가능 상품) | V78: 20 | W78: 기한: 수령 후 7일 이내 | 수수료: 발송·취소 장당 1,000원 | 불가: 부분취소, 기간경과 | 접수: 유선(주중) | X78: 또봇 정크아트뮤지엄 | Y78: 경북 경주시 경감로 614 | Z78: 054-741-5300 | AB78: 바로 사용가능 | AC78: Y | AE78: 2026-09-30T04:42:31
A79: 327599 | B79: 테마파크 | C79: 테마파크 | D79: 경북 | E79: 영남 | F79: 경북 | G79: 청도 군파크 루지+스카이 리프트 | H79: 일상에서 벗어난 짜릿한 모험 군파크 루지! | I79: 33000 | J79: 23700 | K79: 28 | L79: 주중/주말 2회권 군파크 루지+스카이리프트(~10/31) | M79: 2 | N79: 2026-03-19 | O79: 2026-10-31 | Q79: 모바일티켓;바로 사용가능 | R79: 즉시발송 | S79: 엘에스컴퍼니 | T79: 알림톡 | U79: 매표소 교환 / 바로 입장 | 모바일 이용권 현장 매표소 제시 후 이용 가능(재발송 가능 상품) | V79: 20 | W79: 기한: 수령 후 7일 이내 | 수수료: 발송·취소 장당 1,000원 | 불가: 부분취소, 기간경과 | 접수: 유선(주중) | X79: 군파크루지 테마파크 | Y79: 경북 청도군 화양읍 남성현로 350-30 군파크루지 테마파크 | Z79: 0507-1436-8890 | AA79: https://goonpark.com/ | AB79: 바로 사용가능 | AC79: Y | AE79: 2026-09-30T04:42:34
A80: 234364 | B80: 테마파크 | C80: 테마파크 | D80: 경기 | E80: 수도권 | F80: 양평 | G80: 양떼목장 | H80: 사계절 아이들의 천국 | I80: 6000 | J80: 5250 | K80: 13 | L80: 양떼목장 이용권 | M80: 1 | N80: 구매일 | P80: 30 | Q80: 모바일티켓;바로 사용가능 | R80: 즉시발송 | T80: LMS 문자 | U80: QR/바코드 제시 / 매표소 교환 / 바로 입장 | LMS 바코드 문자 이용권 현장 매표소 제시 후 이용 가능(재발송 가능 상품) | V80: 100 | W80: 기한: 수령 후 7일 이내 | 수수료: 발송·취소 장당 1,000원 | 불가: 부분취소, 기간경과 | 접수: 유선 | X80: 양평 양떼목장 | Y80: 격기 양평군 용문면 은고갯길 112 | Z80: 031-774-4512 | AA80: https://ypsheepfarm.modoo.at/?link=3192wj2t | AB80: 바로 사용가능 | AC80: Y | AE80: 2026-09-30T04:42:37
A81: 324008 | B81: 테마파크 | C81: 테마파크 | D81: 경남 | E81: 영남 | F81: 남해 | G81: 양떼목장 양모리 학교 | H81: 푸른 남해 바다가 보이는 남해 양떼목장! | I81: 7000 | J81: 5650 | K81: 19 | L81: 대인 이용권 남해 양떼목장(~10/31) | M81: 2 | N81: 2026-05-08 | O81: 2026-10-31 | Q81: 모바일티켓;바로 사용가능 | R81: 즉시발송 | S81: 엘에스컴퍼니 | T81: 알림톡 | U81: 매표소 교환 / 바로 입장 | 모바일 이용권 현장 매표소 제시 후 이용 가능(재발송 가능 상품) | V81: 20 | W81: 기한: 수령 후 7일 이내 | 수수료: 발송·취소 장당 1,000원 | 불가: 부분취소, 기간경과 | 접수: 유선(주중) | X81: 양떼목장 양모리 학교 | Y81: 경남 남해군 설천면 설천로775번길 256-17 | Z81: 0507-1442-8993 | AB81: 바로 사용가능 | AC81: Y | AE81: 2026-09-30T04:42:39
A82: 311809 | B82: 테마파크 | C82: 테마파크 | D82: 경기 | E82: 수도권 | F82: 파주 | G82: 헤이리 한국근현대사박물관 | H82: 어른들의 아련한 추억과 아이들의 역사공부! | I82: 8000 | J82: 7000 | K82: 13 | L82: 대인입장권 한국근현대사박물관 | M82: 2 | N82: 구매일 | P82: 60 | Q82: 모바일티켓;바로 사용가능 | R82: 즉시발송 | T82: LMS 문자 | U82: QR/바코드 제시 / 매표소 교환 / 바로 입장 | LMS 바코드 문자 이용권 현장 매표소 제시 후 이용 가능(재발송 가능 상품) | V82: 100 | W82: 기한: 수령 후 7일 이내 | 수수료: 발송·취소 장당 1,000원 | 불가: 부분취소, 기간경과 | 접수: 유선 | X82: 한국근현대사박물관 | Y82: 경기 파주시 탄현면 헤이리마을길 59-85 | Z82: 031-957-1125 | AA82: http://www.kmhm.or.kr/ | AB82: 바로 사용가능 | AC82: Y | AE82: 2026-09-30T04:42:42
A83: 324071 | B83: 테마파크 | C83: 테마파크 | D83: 경기 | E83: 수도권 | F83: 파주 | G83: 헤이리 사파리체험테마파크 | H83: 오감만족 테마파크 | I83: 27000 | J83: 13000 | K83: 52 | L83: 1인 입장권(사파리+파충류+마술쇼+4D라이더)(~10/31) | M83: 3 | N83: 2026-05-01 | O83: 2026-10-31 | Q83: 모바일티켓;바로 사용가능 | R83: 즉시발송 | S83: 엘에스컴퍼니 | T83: 알림톡 | U83: 매표소 교환 / 바로 입장 | 모바일 이용권 현장 매표소 제시 후 이용 가능(재발송 가능 상품) | V83: 20 | W83: 기한: 수령 후 7일 이내 | 수수료: 발송·취소 장당 1,000원 | 불가: 부분취소, 기간경과 | 접수: 유선(주중) | X83: 사파리체험테마파크 | Y83: 경기 파주시 탄현면 헤이리마을길 93-75 | Z83: 031-946-6656 | AB83: 바로 사용가능 | AC83: Y | AE83: 2026-09-30T04:42:44
A84: 293638 | B84: 테마파크 | C84: 테마파크 | D84: 경기 | E84: 수도권 | F84: 고양 | G84: 원더빌리지 | H84: 즐거운 체험형 미디어 놀이터 | I84: 12000 | J84: 8500 | K84: 29 | L84: 대인입장권(중학생이상) 원더빌리지 | M84: 2 | N84: 구매일 | P84: 60 | Q84: 모바일티켓;바로 사용가능 | R84: 즉시발송 | T84: LMS 문자/순차 발송 | U84: 매표소 교환 / 바로 입장 | 모바일 이용권 현장 매표소 제시 후 이용 가능(재발송 가능 상품) | V84: 100 | W84: 기한: 수령 후 7일 이내 | 수수료: 발송·취소 장당 1,000원 | 불가: 부분취소, 기간경과 | 접수: 유선 | X84: 원더빌리지 | Y84: 경기 고양시 덕양구 고양대로 1955 3층 원더빌리지 | Z84: 031-5173-3457 | AA84: https://www.wondervillage.co.kr/ | AB84: 바로 사용가능 | AC84: Y | AE84: 2026-09-30T04:42:47
A85: 276039 | B85: 테마파크 | C85: 테마파크 | D85: 경기 | E85: 수도권 | F85: 가평 | G85: 쁘띠프랑스&이탈리아마을 | H85: 유럽의 문화와 예술을 직접 느낄 수 있는 곳 | I85: 28000 | J85: 16500 | K85: 41 | L85: 대인이용권 쁘띠프랑스&이탈리아마을 PKG | M85: 2 | N85: 구매일 | P85: 60 | Q85: 모바일티켓;바로 사용가능 | R85: 즉시발송 | T85: LMS 문자 | U85: QR/바코드 제시 / 매표소 교환 / 바로 입장 | LMS 바코드 문자 이용권 현장 매표소 제시 후 이용 가능(재발송 가능 상품) | V85: 20 | W85: 기한: 수령 후 7일 이내 | 수수료: 발송·취소 장당 1,000원 | 불가: 부분취소, 기간경과 | 접수: 유선 | X85: (주)쁘띠프랑스 | Y85: 경기 가평군 청평면 호반로 1063 | Z85: 031-584-8200 | AA85: http://www.pfcamp.com/ | AB85: 바로 사용가능 | AC85: Y | AE85: 2026-09-30T04:42:50
A86: 234301 | B86: 테마파크 | C86: 테마파크 | D86: 경기 | E86: 수도권 | F86: 양평 | G86: 풀향기허브나라&토이박물관 | H86: 향기 가득한 허브나라와 개인수집가의 16년으로 채운 토이박물관 | I86: 6000 | J86: 5000 | K86: 17 | L86: 풀향기허브나라&토이박물관 대인이용권 | M86: 2 | N86: 구매일 | P86: 30 | Q86: 모바일티켓;바로 사용가능 | R86: 즉시발송 | T86: LMS 문자 | U86: QR/바코드 제시 / 매표소 교환 / 바로 입장 | LMS 바코드 문자 이용권 현장 매표소 제시 후 이용 가능(재발송 가능 상품) | V86: 10 | W86: 기한: 수령 후 7일 이내 | 수수료: 발송·취소 장당 1,000원 | 불가: 부분취소, 기간경과 | 접수: 유선 | X86: 풀향기허브나라 | Y86: 경기 양평군 용문면 용문산로 120-5 | Z86: 031-771-1809 | AA86: http://www.pulpul.co.kr/default/ | AB86: 바로 사용가능 | AC86: Y | AE86: 2026-09-30T04:42:51
A87: 324701 | B87: 레져 | C87: 크루즈 | D87: 서울 | E87: 수도권 | F87: 여의도 | G87: 달빛뮤직/불꽃뮤직/별빛 크루즈 | H87: 한강에서 펼쳐지는 이색 경험! | I87: 32900 | J87: 29900 | K87: 9 | L87: [여의도] 달빛뮤직 크루즈 대인이용권(~10/31) | M87: 6 | N87: 2026-06-01 | O87: 2026-10-31 | Q87: 모바일티켓;예약필수 | R87: 예약필수 | T87: 알림톡 | U87: 매표소 교환 / 온라인 예약 / 카카오톡 예약 | 구매 후 발송되는 알림톡 내 링크를 통해 사전예약 후 이용 가능(재발송 가능 상품) | V87: 20 | W87: 수수료: 발송·취소 장당 1,000원, D-1 100% | 불가: 부분취소, 사용·발권 후 | 접수: 유선(주중) | X87: 여의도 크루즈 | Y87: 서울특별시 영등포구 여의동로 280 이랜드루즈 | Z87: 070-4263-7790 | AB87: 예약필수 | AC87: Y | AE87: 2026-09-30T04:42:53
A88: 324638 | B88: 레져 | C88: 크루즈 | D88: 서울 | E88: 수도권 | F88: 여의도 | G88: 선셋 크루즈 | H88: 한강에서 펼쳐지는 이색 경험! | I88: 25900 | J88: 22900 | K88: 12 | L88: [여의도] 선셋 크루즈 대인이용권(~10/31) | M88: 2 | N88: 2026-09-01 | O88: 2026-10-31 | Q88: 모바일티켓;예약필수 | R88: 예약필수 | T88: 알림톡 | U88: 매표소 교환 / 온라인 예약 / 카카오톡 예약 | 구매 후 발송되는 알림톡 내 링크를 통해 사전예약 후 이용 가능(재발송 가능 상품) | V88: 20 | W88: 수수료: 발송·취소 장당 1,000원, D-1 100% | 불가: 부분취소, 사용·발권 후 | 접수: 유선 | X88: 여의도 크루즈 | Y88: 서울특별시 영등포구 여의동로 280 이랜드루즈 | Z88: 070-4263-7790 | AB88: 예약필수 | AC88: Y | AE88: 2026-09-30T04:42:56
A89: 328040 | B89: 레져 | C89: 크루즈 | D89: 서울 | E89: 수도권 | F89: 여의도 | G89: 한강투어 크루즈 | H89: 한강에서 펼쳐지는 이색 경험! | I89: 12900 | J89: 10900 | K89: 16 | L89: [여의도] 한강투어 크루즈 소인이용권(~10/31) | M89: 2 | N89: 2026-05-11 | O89: 2026-10-31 | Q89: 모바일티켓;예약필수 | R89: 예약필수 | T89: 알림톡 | U89: 매표소 교환 / 온라인 예약 / 카카오톡 예약 | 구매 후 발송되는 알림톡 내 링크를 통해 사전예약 후 이용 가능(재발송 가능 상품) | V89: 20 | W89: 수수료: 발송·취소 장당 1,000원, D-1 100% | 불가: 부분취소, 사용·발권 후 | 접수: 유선 | X89: 여의도 크루즈 | Y89: 서울특별시 영등포구 여의동로 280 이랜드루즈 | Z89: 070-4263-7790 | AB89: 예약필수 | AC89: Y | AE89: 2026-09-30T04:42:58
A90: 324764 | B90: 레져 | C90: 크루즈 | D90: 서울 | E90: 수도권 | F90: 잠실 | G90: 한강투어 크루즈 | H90: 한강에서 펼쳐지는 이색 경험! | I90: 19900 | J90: 10900 | K90: 45 | L90: [잠실] 한강투어 크루즈 소인이용권(~10/31) | M90: 2 | N90: 구매일 | O90: 2026-10-31 | Q90: 모바일티켓;예약필수 | R90: 예약필수 | T90: 알림톡 | U90: 매표소 교환 / 온라인 예약 / 카카오톡 예약 | 구매 후 발송되는 알림톡 내 링크를 통해 사전예약 후 이용 가능(재발송 가능 상품) | V90: 20 | W90: 수수료: 발송·취소 장당 1,000원, D-1 100% | 불가: 부분취소, 사용·발권 후 | 접수: 유선(주중) | X90: 잠실 크루즈 | Y90: 서울 송파구 백제고분로 2 잠실 이크루즈 | Z90: 02-6291-6900 | AB90: 예약필수 | AC90: Y | AE90: 2026-09-30T04:43:01
A91: 328103 | B91: 레져 | C91: 크루즈 | D91: 서울 | E91: 수도권 | F91: 잠실 | G91: 선셋/달빛뮤직/별빛 크루즈 | H91: 한강에서 펼쳐지는 이색 경험! | I91: 23900 | J91: 22900 | K91: 4 | L91: [잠실] 선셋 크루즈 대인이용권(9/12~10/31) | M91: 6 | N91: 구매일 | O91: 2026-10-31 | Q91: 모바일티켓;예약필수 | R91: 예약필수 | T91: 알림톡 | U91: 매표소 교환 / 온라인 예약 / 카카오톡 예약 | 구매 후 발송되는 알림톡 내 링크를 통해 사전예약 후 이용 가능(재발송 가능 상품) | V91: 20 | W91: 수수료: 발송·취소 장당 1,000원, D-1 100% | 불가: 부분취소, 사용·발권 후 | 접수: 유선(주중) | X91: 잠실 크루즈 | Y91: 서울 송파구 백제고분로 2 잠실 이크루즈 | Z91: 02-6291-6900 | AB91: 예약필수 | AC91: Y | AE91: 2026-09-30T04:43:03
A92: 225209 | B92: 레져 | C92: 액티비티 | D92: 경기 | E92: 수도권 | F92: 김포 | G92: 아라마리나 요트투어 | H92: 서울 바다에서 즐기는 특별한 여정 | I92: 0 | J92: 57000 | K92: 0 | L92: 대인/소인/주중/주말 | M92: 7 | N92: 구매일 | P92: 60 | Q92: 모바일티켓;예약필수 | R92: 예약필수 | T92: LMS 문자 | U92: 전화 예약 | 사전예약 후 방문 | V92: 100 | W92: 기한: 수령 후 7일 이내 | 수수료: 발송·취소 장당 1,000원 | 불가: 부분취소, 기간경과, 당일·노쇼 | 접수: 유선 | X92: 세일링 서울 요트 클럽 | Y92: 경기도 김포시 고촌읍 전호리 130-3 | Z92: 010-7110-6681 | AA92: http://sailingseoul.com/ | AB92: 예약필수 | AC92: N | AE92: 2026-09-30T04:43:06
A93: 243104 | B93: 레져 | C93: 액티비티 | D93: 강원 | E93: 강원 | F93: 춘천 | G93: 곤돌라 의암8경 물길여행 | H93: 호반의 도시 춘천에서 즐기는 물 위를 걷는 여행 | I93: 20000 | J93: 19000 | K93: 5 | L93: 의암8경 청소년이용권 춘천곤돌라 | M93: 3 | N93: 구매일 | P93: 60 | Q93: 모바일티켓;예약필수 | R93: 예약대기 | T93: LMS 문자 | U93: 전화 예약 / 온라인 예약 | 사전예약 후 방문 | V93: 100 | W93: 수수료: D-7 기본수수료, D-6 10%, D-3 30%, D-1 50% | 불가: 당일·노쇼 | 접수: 유선 | X93: 킹카누 나루터 | Y93: 강원도 춘천시 송암동 684 킹카누 선착장 | Z93: 033-251-9600/kingcanoe@naver.com | AA93: https://map.naver.com/p/entry/place/1435007950?lng=127.6858444&lat=37.8554530&placePath=%2Fhome%3Fentry%3Dplt&c=15.00,0,0,0,dh | AB93: 예약필수 | AC93: Y | AE93: 2026-09-30T04:43:08
A94: 292493 | B94: 레져 | C94: 크루즈 | D94: 강원 | E94: 강원 | F94: 속초 | G94: 코마린 세일요트 | H94: 푸른 동해바다의 시원한 체험! | I94: 36000 | J94: 30000 | K94: 17 | L94: B코스 대인이용권 속초코마린 | M94: 2 | N94: 구매일 | P94: 60 | Q94: 모바일티켓;예약필수 | R94: 예약대기 | T94: LMS 문자 | U94: 전화 예약 | 사전예약 후 방문 | V94: 100 | W94: 수수료: D-2 기본수수료, D-2 30%, D-1 50% | 불가: 당일·노쇼 | 접수: 유선 | X94: 속초코마린 | Y94: 강원 속초시 엑스포로 10-29 (주)코마린 요트공원 | Z94: 033-637-4609 | AA94: http://www.komarine.kr/sub/leisure/sokcho.asp | AB94: 예약필수 | AC94: Y | AE94: 2026-09-30T04:43:10
A95: 292556 | B95: 레져 | C95: 크루즈 | D95: 강원 | E95: 강원 | F95: 속초 | G95: 코마린 세일요트 단독투어 | H95: 푸른 동해바다의 시원한 체험! | I95: 250000 | J95: 210000 | K95: 16 | L95: 세일요트 단독투어 속초코마린 | M95: 1 | N95: 구매일 | P95: 60 | Q95: 모바일티켓;예약필수 | R95: 예약대기 | T95: LMS 문자 | U95: 전화 예약 | 사전예약 후 방문 | V95: 100 | W95: 수수료: D-2 기본수수료, D-2 30%, D-1 50% | 불가: 당일·노쇼 | 접수: 유선 | X95: 속초코마린 | Y95: 강원 속초시 엑스포로 10-29 (주)코마린 요트공원 | Z95: 033-637-4609 | AA95: http://www.komarine.kr/sub/leisure/sokcho.asp | AB95: 예약필수 | AC95: Y | AE95: 2026-09-30T04:43:13
A96: 225217 | B96: 레져 | C96: 액티비티 | D96: 경기 | E96: 수도권 | F96: 양평 | G96: 패러러브 패러글라이딩 | H96: 일생 일대의 추억을 영원히 보관하고 싶다면! | I96: 140000 | J96: 130000 | K96: 7 | L96: 기본코스 이용권 | M96: 2 | N96: 구매일 | P96: 60 | Q96: 모바일티켓;예약필수 | R96: 예약필수 | T96: LMS 문자 | U96: 전화 예약 | 사전예약 후 방문 | V96: 10 | W96: 기한: 수령 후 7일 이내 | 수수료: 발송·취소 장당 1,000원, D-3 기본수수료, D-2 30%, D-1 50% | 불가: 부분취소, 기간경과, 당일·노쇼 | 접수: 유선 | X96: 패러러브 양평 패러글라이딩 | Y96: 경기도 양평군 옥천면 신복리 158번지 | Z96: 010-4255-1102 | AA96: https://para114.com/ | AB96: 예약필수 | AC96: Y | AE96: 2026-09-30T04:43:15
A97: 225212 | B97: 레져 | C97: 액티비티 | D97: 충북 | E97: 충청 | F97: 단양 | G97: 더쎈 패러글라이딩 | H97: 안전하고 짜릿한 고공비행을 즐기다 | I97: 120000 | J97: 105000 | K97: 12 | L97: 더쎈 익스트림코스 | M97: 2 | N97: 구매일 | P97: 60 | Q97: 모바일티켓;예약필수 | R97: 예약필수 | U97: 전화 예약 | V97: 10 | W97: 기한: 수령 후 7일 이내 | 수수료: 발송·취소 장당 1,000원, D-3 기본수수료, D-2 30%, D-1 50% | 불가: 부분취소, 기간경과, 당일·노쇼 | 접수: 유선 | X97: 더쎈패러글라이딩 | Y97: 충북 단양군 가곡면 두산길 262 | Z97: 010-3710-2676 | AA97: http://thessenpara.com/about | AB97: 예약필수 | AC97: Y | AE97: 2026-09-30T04:43:18
A98: 326843 | B98: 레져 | C98: 액티비티 | D98: 경남 | E98: 영남 | F98: 경남 | G98: 통영 케이블카 패키지 | H98: 통영 미륵산의 아름다운 한려수도 경치 감상! | I98: 32000 | J98: 22100 | K98: 31 | L98: 케이블카 1회왕복+디피랑(~9/30) | M98: 1 | N98: 2026-05-08 | O98: 2026-09-30 | Q98: 모바일티켓;바로 사용가능 | R98: 즉시발송 | S98: 엘에스컴퍼니 | T98: 알림톡 | U98: 매표소 교환 / 바로 입장 | 모바일 이용권 현장 매표소 제시 후 이용 가능(재발송 가능 상품) | V98: 20 | W98: 기한: 수령 후 7일 이내 | 수수료: 발송·취소 장당 1,000원 | 불가: 부분취소, 기간경과 | 접수: 유선(주중) | X98: 통영 케이블카 | Y98: 경남 통영시 발개로 205 | Z98: 1544-3303 | AB98: 바로 사용가능 | AC98: Y | AE98: 2026-09-30T04:43:20
A99: 316426 | B99: 레져 | C99: 액티비티 | D99: 강원 | E99: 강원 | F99: 철원 | G99: 한레저 | H99: 추억을 쌓으러 가보자~!!! | I99: 36000 | J99: 25000 | K99: 31 | L99: 래프팅or서바이벌 中 택1 체험권 한레저(~9/30) | M99: 2 | N99: 구매일 | O99: 2026-09-30 | Q99: 모바일티켓;예약필수 | R99: 예약필수 | T99: LMS 문자 | U99: 전화 예약 / 바로 입장 | 사전예약 후 방문 | V99: 100 | W99: 기한: 수령 후 7일 이내 | 수수료: 발송·취소 장당 1,000원, D-5 기본수수료, D-2 30%, D-1 50% | 불가: 부분취소, 기간경과, 당일·노쇼 | 접수: 유선 | X99: 한탄강캠프 | Y99: 강원 철원군 갈말읍 갈말로 358 태봉캠핑장 | Z99: 033-452-7355 / 010-5556-5041 | AA99: http://lshc.kr | AB99: 예약필수 | AC99: Y | AE99: 2026-09-30T04:43:22
A100: 274453 | B100: 레져 | C100: 액티비티 | D100: 제주 | E100: 제주 | F100: 제주 | G100: 제주레일바이크 | H100: 낭만 가득 제주여행의 끝판왕! | I100: 30000 | J100: 21700 | K100: 28 | L100: 2인 이용권 제주레일바이크 | M100: 3 | N100: 구매일 | P100: 60 | Q100: 모바일티켓;예약필수 | R100: 예약필수 | T100: LMS 문자/순차 발송 | U100: 전화 예약 / 바로 입장 | 사전 예약 후 방문 | V100: 20 | W100: 수수료: D-3 기본수수료, D-2 20%, D-1 30%, 50% | 불가: 당일·노쇼 | 접수: 유선 | X100: 제주 레일바이크 | Y100: 제주특별자치도 제주시 구좌읍 용눈이오름로 641 | Z100: 064-783-0033 | AA100: http://www.jejurailpark.com/m/index.php | AB100: 예약필수 | AC100: Y | AE100: 2026-09-30T04:43:25
...

Sheet 옵션
A1: product_id | B1: option_id | C1: cat1 | D1: cat2 | E1: region | F1: name | G1: option | H1: detail_div | I1: week_div | J1: time_div | K1: list_price | L1: sale_price | M1: discount_pct | N1: calc_discount_pct | O1: min_ticket_unit | P1: start_div | Q1: start_date | R1: end_div | S1: end_date | T1: is_basis
A2: 243478 | B2: 2311913 | C2: 삼성미라클안과 | D2: 라식·라섹 | E2: 서울/천안 | F2: 삼성미라클안과 라식·라섹 | G2: 미라클라섹(*예약문의 : 010-2504-5792) | K2: 1600000 | L2: 890000 | M2: 44 | N2: 44.4 | O2: 1 | P2: 구매일 | Q2: 0 | R2: 구매일 | S2: 0 | T2: TRUE
A3: 243478 | B3: 2311914 | C3: 삼성미라클안과 | D3: 라식·라섹 | E3: 서울/천안 | F3: 삼성미라클안과 라식·라섹 | G3: 양손스마일라식(*예약문의 : 010-2504-5792) | K3: 3100000 | L3: 2100000 | M3: 32 | N3: 32.3 | O3: 1 | P3: 구매일 | Q3: 0 | R3: 구매일 | S3: 0 | T3: FALSE
A4: 243478 | B4: 2311912 | C4: 삼성미라클안과 | D4: 라식·라섹 | E4: 서울/천안 | F4: 삼성미라클안과 라식·라섹 | G4: 렌즈삽입술(*예약문의 : 010-2504-5792) | K4: 6500000 | L4: 4990000 | M4: 23 | N4: 23.2 | O4: 1 | P4: 구매일 | Q4: 0 | R4: 구매일 | S4: 0 | T4: FALSE
A5: 328990 | B5: 4264809 | C5: 테마파크 | D5: 테마파크 | E5: 용인 | F5: 한국민속촌 | G5: 주중ㆍ주말공통 종일권 한국민속촌(~10/31) | H5: 대소공통 | I5: 주중+주말 | J5: 종일 | K5: 39000 | L5: 19000 | M5: 51 | N5: 51.3 | O5: 1 | P5: 날짜지정 | Q5: 2026-10-01 | R5: 날짜지정 | S5: 2026-10-31 | T5: TRUE
A6: 326717 | B6: 4201015 | C6: 테마파크 | D6: 놀이공원 | E6: 과천 | F6: 서울랜드 | G6: AFTER 4 서울랜드(~11/1) | H6: 대소공통 | I6: 주중+주말 | J6: 종일 | K6: 52000 | L6: 17000 | M6: 67 | N6: 67.3 | O6: 1 | P6: 구매일 | Q6: 0 | R6: 날짜지정 | S6: 2026-11-01 | T6: TRUE
A7: 326717 | B7: 4201014 | C7: 테마파크 | D7: 놀이공원 | E7: 과천 | F7: 서울랜드 | G7: AFTER 1 서울랜드(~11/1) | H7: 대소공통 | I7: 주중+주말 | J7: 종일 | K7: 52000 | L7: 19000 | M7: 63 | N7: 63.5 | O7: 1 | P7: 구매일 | Q7: 0 | R7: 날짜지정 | S7: 2026-11-01 | T7: FALSE
A8: 326717 | B8: 4201013 | C8: 테마파크 | D8: 놀이공원 | E8: 과천 | F8: 서울랜드 | G8: 종일권 서울랜드(~11/1) | H8: 대소공통 | I8: 주중+주말 | J8: 종일 | K8: 52000 | L8: 22000 | M8: 58 | N8: 57.7 | O8: 1 | P8: 구매일 | Q8: 0 | R8: 날짜지정 | S8: 2026-11-01 | T8: FALSE
A9: 329117 | B9: 4267023 | C9: 테마파크 | D9: 놀이공원 | E9: 춘천 | F9: 레고랜드 | G9: 주중ㆍ주말 대소공통 레고랜드 2인 종일권(~11/15) | H9: 대소공통 | I9: 주중+주말 | J9: 종일 | K9: 66000 | L9: 36000 | M9: 45 | N9: 45.5 | O9: 2 | P9: 날짜지정 | Q9: 2026-09-22 | R9: 날짜지정 | S9: 2026-11-15 | T9: TRUE
A10: 329117 | B10: 4267024 | C10: 테마파크 | D10: 놀이공원 | E10: 춘천 | F10: 레고랜드 | G10: 주중ㆍ주말 대소공통 레고랜드 3인 종일권(~11/15) | H10: 대소공통 | I10: 주중+주말 | J10: 종일 | K10: 66000 | L10: 36000 | M10: 45 | N10: 45.5 | O10: 3 | P10: 날짜지정 | Q10: 2026-09-22 | R10: 날짜지정 | S10: 2026-11-15 | T10: FALSE
A11: 329117 | B11: 4267025 | C11: 테마파크 | D11: 놀이공원 | E11: 춘천 | F11: 레고랜드 | G11: 주중ㆍ주말 대소공통 레고랜드 4인 종일권(~11/15) | H11: 대소공통 | I11: 주중+주말 | J11: 종일 | K11: 66000 | L11: 36000 | M11: 45 | N11: 45.5 | O11: 4 | P11: 날짜지정 | Q11: 2026-09-22 | R11: 날짜지정 | S11: 2026-11-15 | T11: FALSE
A12: 330505 | B12: 4307271 | C12: 테마파크 | D12: 놀이공원 | E12: 경주 | F12: 경주월드 | G12: 대인 종일권 경주월드(~26/12/31) | H12: 대인 | I12: 주중+주말 | J12: 종일 | K12: 52000 | L12: 34000 | M12: 35 | N12: 34.6 | O12: 1 | P12: 구매일 | Q12: 0 | R12: 날짜지정 | S12: 2026-12-31 | T12: TRUE
A13: 330505 | B13: 4307272 | C13: 테마파크 | D13: 놀이공원 | E13: 경주 | F13: 경주월드 | G13: 소인 종일권 경주월드(~26/12/31) | H13: 소인 | I13: 주중+주말 | J13: 종일 | K13: 39000 | L13: 26500 | M13: 32 | N13: 32.1 | O13: 1 | P13: 구매일 | Q13: 0 | R13: 날짜지정 | S13: 2026-12-31 | T13: FALSE
A14: 328545 | B14: 4258169 | C14: 공연 | D14: 연극 | E14: 서울 | F14: 연극 마트로시카 | G14: 대소공통 관람권 마트로시카 | H14: 대소공통 | I14: 주중+주말 | J14: 종일 | K14: 66000 | L14: 36960 | M14: 44 | N14: 44 | O14: 1 | P14: 구매일 | Q14: 0 | R14: 구매일 | S14: 30 | T14: TRUE
A15: 328609 | B15: 4259802 | C15: 숙박 | D15: 숙박 | E15: 강화 | F15: 엘리야리조트&풀빌라 숙박권 | G15: 디럭스 본관 주중 숙박권 엘리야리조트(~12/30) | I15: 주중 | J15: 종일 | K15: 356800 | L15: 178400 | M15: 50 | N15: 50 | O15: 1 | P15: 날짜지정 | Q15: 2026-09-10 | R15: 날짜지정 | S15: 2026-12-30 | T15: TRUE
A16: 328609 | B16: 4259803 | C16: 숙박 | D16: 숙박 | E16: 강화 | F16: 엘리야리조트&풀빌라 숙박권 | G16: 디럭스 본관 준주말 숙박권 엘리야리조트(~12/30) | I16: 금요일 | J16: 종일 | K16: 472000 | L16: 236000 | M16: 50 | N16: 50 | O16: 1 | P16: 날짜지정 | Q16: 2026-09-10 | R16: 날짜지정 | S16: 2026-12-30 | T16: FALSE
A17: 328609 | B17: 4259808 | C17: 숙박 | D17: 숙박 | E17: 강화 | F17: 엘리야리조트&풀빌라 숙박권 | G17: 디럭스 별관동 주중 숙박권 엘리야리조트(~12/30) | I17: 주중 | J17: 종일 | K17: 504000 | L17: 252000 | M17: 50 | N17: 50 | O17: 1 | P17: 날짜지정 | Q17: 2026-09-10 | R17: 날짜지정 | S17: 2026-12-30 | T17: FALSE
A18: 328609 | B18: 4259805 | C18: 숙박 | D18: 숙박 | E18: 강화 | F18: 엘리야리조트&풀빌라 숙박권 | G18: 스위트 본관 주중 숙박권 엘리야리조트(~12/30) | I18: 주중 | J18: 종일 | K18: 520000 | L18: 260000 | M18: 50 | N18: 50 | O18: 1 | P18: 날짜지정 | Q18: 2026-09-10 | R18: 날짜지정 | S18: 2026-12-30 | T18: FALSE
A19: 328609 | B19: 4259804 | C19: 숙박 | D19: 숙박 | E19: 강화 | F19: 엘리야리조트&풀빌라 숙박권 | G19: 디럭스 본관 주말 숙박권 엘리야리조트(~12/30) | I19: 주말 | J19: 종일 | K19: 552000 | L19: 276000 | M19: 50 | N19: 50 | O19: 1 | P19: 날짜지정 | Q19: 2026-09-10 | R19: 날짜지정 | S19: 2026-12-30 | T19: FALSE
A20: 328609 | B20: 4259809 | C20: 숙박 | D20: 숙박 | E20: 강화 | F20: 엘리야리조트&풀빌라 숙박권 | G20: 디럭스 별관동 준주말 숙박권 엘리야리조트(~12/30) | I20: 금요일 | J20: 종일 | K20: 568000 | L20: 284000 | M20: 50 | N20: 50 | O20: 1 | P20: 날짜지정 | Q20: 2026-09-10 | R20: 날짜지정 | S20: 2026-12-30 | T20: FALSE
A21: 328609 | B21: 4259811 | C21: 숙박 | D21: 숙박 | E21: 강화 | F21: 엘리야리조트&풀빌라 숙박권 | G21: 스위트 별관동 주중 숙박권 엘리야리조트(~12/30) | I21: 주중 | J21: 종일 | K21: 584000 | L21: 292000 | M21: 50 | N21: 50 | O21: 1 | P21: 날짜지정 | Q21: 2026-09-10 | R21: 날짜지정 | S21: 2026-12-30 | T21: FALSE
A22: 328609 | B22: 4259806 | C22: 숙박 | D22: 숙박 | E22: 강화 | F22: 엘리야리조트&풀빌라 숙박권 | G22: 스위트 본관 준주말 숙박권 엘리야리조트(~12/30) | I22: 금요일 | J22: 종일 | K22: 600000 | L22: 300000 | M22: 50 | N22: 50 | O22: 1 | P22: 날짜지정 | Q22: 2026-09-10 | R22: 날짜지정 | S22: 2026-12-30 | T22: FALSE
A23: 328609 | B23: 4259810 | C23: 숙박 | D23: 숙박 | E23: 강화 | F23: 엘리야리조트&풀빌라 숙박권 | G23: 디럭스 별관동 주말 숙박권 엘리야리조트(~12/30) | I23: 주말 | J23: 종일 | K23: 648000 | L23: 324000 | M23: 50 | N23: 50 | O23: 1 | P23: 날짜지정 | Q23: 2026-09-10 | R23: 날짜지정 | S23: 2026-12-30 | T23: FALSE
A24: 328609 | B24: 4259807 | C24: 숙박 | D24: 숙박 | E24: 강화 | F24: 엘리야리조트&풀빌라 숙박권 | G24: 스위트 본관 주말 숙박권 엘리야리조트(~12/30) | I24: 주말 | J24: 종일 | K24: 680000 | L24: 340000 | M24: 50 | N24: 50 | O24: 1 | P24: 날짜지정 | Q24: 2026-09-10 | R24: 날짜지정 | S24: 2026-12-30 | T24: FALSE
A25: 328609 | B25: 4259812 | C25: 숙박 | D25: 숙박 | E25: 강화 | F25: 엘리야리조트&풀빌라 숙박권 | G25: 스위트 별관동 준주말 숙박권 엘리야리조트(~12/30) | I25: 금요일 | J25: 종일 | K25: 680000 | L25: 340000 | M25: 50 | N25: 50 | O25: 1 | P25: 날짜지정 | Q25: 2026-09-10 | R25: 날짜지정 | S25: 2026-12-30 | T25: FALSE
A26: 328609 | B26: 4259813 | C26: 숙박 | D26: 숙박 | E26: 강화 | F26: 엘리야리조트&풀빌라 숙박권 | G26: 스위트 별관동 주말 숙박권 엘리야리조트(~12/30) | I26: 주말 | J26: 종일 | K26: 776000 | L26: 388000 | M26: 50 | N26: 50 | O26: 1 | P26: 날짜지정 | Q26: 2026-09-10 | R26: 날짜지정 | S26: 2026-12-30 | T26: FALSE
... A46: 328673 | B46: 4261754 | C46: 숙박 | D46: 숙박 | E46: 강원 | F46: 에머슨 스위트 낙산 | G46: 에머슨 프리미엄 오션 스위트 공휴일 | I46: 주중+주말 | J46: 종일 | K46: 726000 | L46: 363000 | M46: 50 | N46: 50 | O46: 1 | P46: 날짜지정 | Q46: 2026-09-10 | R46: 날짜지정 | S46: 2026-12-29 | T46: FALSE
A47: 329434 | B47: 4272485 | C47: 워터파크 | D47: 워터파크 | E47: 의정부 | F47: 장암 아일랜드캐슬 워터파크 1인 종일권 | G47: (대소공통)장암 1인 종일권 (9/4~10/31)*구명조끼 미포함 | H47: 대소공통 | I47: 주중+주말 | J47: 종일 | K47: 45000 | L47: 21000 | M47: 53 | N47: 53.3 | O47: 1 | P47: 날짜지정 | Q47: 2026-09-04 | R47: 날짜지정 | S47: 2026-10-31 | T47: TRUE
A48: 225306 | B48: 1795188 | C48: 서울베스트의료의원 | D48: 건강검진 | E48: 서울 | F48: 서울베스트의료의원 건강검진 | G48: 종합건강검진 A형 | K48: 0 | L48: 250000 | M48: 0 | O48: 1 | P48: 구매일 | Q48: 0 | R48: 구매일 | S48: 0 | T48: TRUE
A49: 225306 | B49: 1795189 | C49: 서울베스트의료의원 | D49: 건강검진 | E49: 서울 | F49: 서울베스트의료의원 건강검진 | G49: 종합건강검진 B형 | K49: 0 | L49: 300000 | M49: 0 | O49: 1 | P49: 구매일 | Q49: 0 | R49: 구매일 | S49: 0 | T49: FALSE
A50: 225306 | B50: 1795190 | C50: 서울베스트의료의원 | D50: 건강검진 | E50: 서울 | F50: 서울베스트의료의원 건강검진 | G50: 종합건강검진 C형 | K50: 0 | L50: 500000 | M50: 0 | O50: 1 | P50: 구매일 | Q50: 0 | R50: 구매일 | S50: 0 | T50: FALSE
A51: 324512 | B51: 4137407 | C51: 레져 | D51: 액티비티 | E51: 영월 | F51: 동강흥국래프팅 | G51: 워터밤 물총 대여 동강흥국래프팅(~9/30) | H51: 대소공통 | I51: 주중+주말 | K51: 15000 | L51: 10000 | M51: 33 | N51: 33.3 | O51: 1 | P51: 구매일 | Q51: 0 | R51: 날짜지정 | S51: 2026-09-30 | T51: TRUE
A52: 324512 | B52: 4137389 | C52: 레져 | D52: 액티비티 | E52: 영월 | F52: 동강흥국래프팅 | G52: 래프팅 1인 이용권 동강흥국래프팅(~9/30) | H52: 대소공통 | I52: 주중+주말 | K52: 45000 | L52: 30000 | M52: 33 | N52: 33.3 | O52: 1 | P52: 날짜지정 | Q52: 2026-06-17 | R52: 날짜지정 | S52: 2026-09-30 | T52: FALSE
A53: 324512 | B53: 4137393 | C53: 레져 | D53: 액티비티 | E53: 영월 | F53: 동강흥국래프팅 | G53: 래프팅+다슬기체험 동강흥국래프팅(~9/30) | H53: 대소공통 | I53: 주중+주말 | K53: 55000 | L53: 35000 | M53: 36 | N53: 36.4 | O53: 1 | P53: 구매일 | Q53: 0 | R53: 날짜지정 | S53: 2026-09-30 | T53: FALSE
A54: 324512 | B54: 4137405 | C54: 레져 | D54: 액티비티 | E54: 영월 | F54: 동강흥국래프팅 | G54: 래프팅+조식or중식 동강흥국래프팅(~9/30) | H54: 대소공통 | I54: 주중+주말 | K54: 51000 | L54: 38000 | M54: 25 | N54: 25.5 | O54: 1 | P54: 구매일 | Q54: 0 | R54: 날짜지정 | S54: 2026-09-30 | T54: FALSE
A55: 324512 | B55: 4137395 | C55: 레져 | D55: 액티비티 | E55: 영월 | F55: 동강흥국래프팅 | G55: 래프팅+닭백숙 동강흥국래프팅(~9/30) | H55: 대소공통 | I55: 주중+주말 | K55: 60000 | L55: 45000 | M55: 25 | N55: 25 | O55: 1 | P55: 구매일 | Q55: 0 | R55: 날짜지정 | S55: 2026-09-30 | T55: FALSE
A56: 324512 | B56: 4137397 | C56: 레져 | D56: 액티비티 | E56: 영월 | F56: 동강흥국래프팅 | G56: 래프팅+닭볶음탕 동강흥국래프팅(~9/30) | H56: 대소공통 | I56: 주중+주말 | K56: 60000 | L56: 45000 | M56: 25 | N56: 25 | O56: 1 | P56: 구매일 | Q56: 0 | R56: 날짜지정 | S56: 2026-09-30 | T56: FALSE
A57: 324512 | B57: 4137401 | C57: 레져 | D57: 액티비티 | E57: 영월 | F57: 동강흥국래프팅 | G57: 래프팅+민물매운탕 동강흥국래프팅(~9/30) | H57: 대소공통 | I57: 주중+주말 | K57: 60000 | L57: 45000 | M57: 25 | N57: 25 | O57: 1 | P57: 구매일 | Q57: 0 | R57: 날짜지정 | S57: 2026-09-30 | T57: FALSE
A58: 324512 | B58: 4137391 | C58: 레져 | D58: 액티비티 | E58: 영월 | F58: 동강흥국래프팅 | G58: 래프팅+ATV 동강흥국래프팅(~9/30) | H58: 대소공통 | I58: 주중+주말 | K58: 85000 | L58: 55000 | M58: 35 | N58: 35.3 | O58: 1 | P58: 구매일 | Q58: 0 | R58: 날짜지정 | S58: 2026-09-30 | T58: FALSE
A59: 324512 | B59: 4137403 | C59: 레져 | D59: 액티비티 | E59: 영월 | F59: 동강흥국래프팅 | G59: 래프팅+서바이벌 동강흥국래프팅(~9/30) | H59: 대소공통 | I59: 주중+주말 | K59: 75000 | L59: 55000 | M59: 27 | N59: 26.7 | O59: 1 | P59: 구매일 | Q59: 0 | R59: 날짜지정 | S59: 2026-09-30 | T59: FALSE
A60: 324512 | B60: 4137399 | C60: 레져 | D60: 액티비티 | E60: 영월 | F60: 동강흥국래프팅 | G60: 래프팅+무제한삼겹살 동강흥국래프팅(~9/30) | H60: 대소공통 | I60: 주중+주말 | K60: 70000 | L60: 55000 | M60: 21 | N60: 21.4 | O60: 1 | P60: 구매일 | Q60: 0 | R60: 날짜지정 | S60: 2026-09-30 | T60: FALSE
A61: 330442 | B61: 4305839 | C61: 워터파크 | D61: 워터파크 | E61: 아산 | F61: 아산스파비스 | G61: 주중·주말공통이용권 아산스파비스(~26/12/31) | H61: 대소공통 | I61: 주중+주말 | J61: 종일 | K61: 50000 | L61: 20000 | M61: 60 | N61: 60 | O61: 1 | P61: 날짜지정 | Q61: 2026-09-29 | R61: 날짜지정 | S61: 2026-12-31 | T61: TRUE
A62: 330001 | B62: 4293297 | C62: 테마파크 | D62: 테마파크 | E62: 부천 | F62: 볼베어파크 실내 키즈카페 | G62: 평일 주말 통합권 대인권 부천 볼베어파크(~12/31) | H62: 대인 | I62: 주중+주말 | J62: 종일 | K62: 9000 | L62: 7650 | M62: 15 | N62: 15 | O62: 1 | P62: 구매일 | Q62: 0 | R62: 날짜지정 | S62: 2026-12-31 | T62: TRUE
A63: 330001 | B63: 4293295 | C63: 테마파크 | D63: 테마파크 | E63: 부천 | F63: 볼베어파크 실내 키즈카페 | G63: 평일 주말 통합권 영유아권 부천 볼베어파크(~12/31) | H63: 소인 | I63: 주중+주말 | J63: 종일 | K63: 12000 | L63: 10200 | M63: 15 | N63: 15 | O63: 1 | P63: 구매일 | Q63: 0 | R63: 날짜지정 | S63: 2026-12-31 | T63: FALSE
A64: 330001 | B64: 4293296 | C64: 테마파크 | D64: 테마파크 | E64: 부천 | F64: 볼베어파크 실내 키즈카페 | G64: 평일 주말 통합권 소인권 부천 볼베어파크(~12/31) | H64: 소인 | I64: 주중+주말 | J64: 종일 | K64: 28000 | L64: 23800 | M64: 15 | N64: 15 | O64: 1 | P64: 구매일 | Q64: 0 | R64: 날짜지정 | S64: 2026-12-31 | T64: FALSE
A65: 327536 | B65: 4224461 | C65: 테마파크 | D65: 테마파크 | E65: 부산 | F65: 세라젬 웰파크 부산기장점 | G65: 2시간 이용권 대인 세라젬 웰파크 부산기장점(~12/31) | H65: 대인 | I65: 주중+주말 | J65: 종일 | K65: 5000 | L65: 4250 | M65: 15 | N65: 15 | O65: 1 | P65: 구매일 | Q65: 0 | R65: 날짜지정 | S65: 2026-12-31 | T65: TRUE
A66: 327536 | B66: 4224462 | C66: 테마파크 | D66: 테마파크 | E66: 부산 | F66: 세라젬 웰파크 부산기장점 | G66: 2시간 이용권 소인 세라젬 웰파크 부산기장점(~12/31) | H66: 소인 | I66: 주중+주말 | J66: 종일 | K66: 18000 | L66: 15300 | M66: 15 | N66: 15 | O66: 1 | P66: 구매일 | Q66: 0 | R66: 날짜지정 | S66: 2026-12-31 | T66: FALSE
A67: 327536 | B67: 4224463 | C67: 테마파크 | D67: 테마파크 | E67: 부산 | F67: 세라젬 웰파크 부산기장점 | G67: 2시간 이용권 영유아 세라젬 웰파크 부산기장점(~12/31) | H67: 소인 | I67: 주중+주말 | J67: 종일 | K67: 15000 | L67: 12750 | M67: 15 | N67: 15 | O67: 1 | P67: 구매일 | Q67: 0 | R67: 날짜지정 | S67: 2026-12-31 | T67: FALSE
A68: 329938 | B68: 4292815 | C68: 테마파크 | D68: 테마파크 | E68: 경기 하남 | F68: 세라젬 웰파크 위례점 | G68: 통합권 3시간 대인 세라젬 웰파크 위례점(~12/31) | H68: 대인 | I68: 주중+주말 | J68: 종일 | K68: 7000 | L68: 5950 | M68: 15 | N68: 15 | O68: 1 | P68: 구매일 | Q68: 0 | R68: 날짜지정 | S68: 2026-12-31 | T68: TRUE
A69: 329938 | B69: 4292816 | C69: 테마파크 | D69: 테마파크 | E69: 경기 하남 | F69: 세라젬 웰파크 위례점 | G69: 통합권 3시간 소인 세라젬 웰파크 위례점(~12/31) | H69: 소인 | I69: 주중+주말 | J69: 종일 | K69: 24000 | L69: 20400 | M69: 15 | N69: 15 | O69: 1 | P69: 구매일 | Q69: 0 | R69: 날짜지정 | S69: 2026-12-31 | T69: FALSE
A70: 329938 | B70: 4292817 | C70: 테마파크 | D70: 테마파크 | E70: 경기 하남 | F70: 세라젬 웰파크 위례점 | G70: 통합권 3시간 영유아 세라젬 웰파크 위례점(~12/31) | H70: 소인 | I70: 주중+주말 | J70: 종일 | K70: 12000 | L70: 10200 | M70: 15 | N70: 15 | O70: 1 | P70: 구매일 | Q70: 0 | R70: 날짜지정 | S70: 2026-12-31 | T70: FALSE
A71: 313585 | B71: 3857304 | C71: 레져 | D71: 액티비티 | E71: 강화 | F71: 레포츠파크 | G71: 강화레포츠파크 서바이벌 + 3,4,5번 짚라인+고카트 트렉3바퀴 | H71: 대소공통 | I71: 주중+주말 | J71: 종일 | K71: 0 | L71: 43000 | M71: 0 | O71: 1 | P71: 구매일 | Q71: 0 | R71: 구매일 | S71: 30 | T71: TRUE
A72: 313585 | B72: 3857305 | C72: 레져 | D72: 액티비티 | E72: 강화 | F72: 레포츠파크 | G72: 강화레포츠파크 서바이벌+5번레일 짚라인 or 고카트 트렉3바퀴 | H72: 대소공통 | I72: 주중+주말 | J72: 종일 | K72: 0 | L72: 30000 | M72: 0 | O72: 1 | P72: 구매일 | Q72: 0 | R72: 구매일 | S72: 30 | T72: FALSE
A73: 325961 | B73: 4178511 | C73: 워터파크 | D73: 워터파크 | E73: 정선 | F73: 하이원 워터월드 | G73: 준성수기 주중 대인권 하이원워터월드(8/31~10/18) | H73: 대인 | I73: 주중 | J73: 종일 | K73: 64000 | L73: 28000 | M73: 56 | N73: 56.2 | O73: 1 | P73: 날짜지정 | Q73: 2026-08-31 | R73: 날짜지정 | S73: 2026-10-18 | T73: TRUE
A74: 325961 | B74: 4178512 | C74: 워터파크 | D74: 워터파크 | E74: 정선 | F74: 하이원 워터월드 | G74: 준성수기 주중 소인권 하이원워터월드(8/31~10/18) | H74: 소인 | I74: 주중 | J74: 종일 | K74: 53000 | L74: 26000 | M74: 51 | N74: 50.9 | O74: 1 | P74: 날짜지정 | Q74: 2026-08-31 | R74: 날짜지정 | S74: 2026-10-18 | T74: FALSE
A75: 325961 | B75: 4178513 | C75: 워터파크 | D75: 워터파크 | E75: 정선 | F75: 하이원 워터월드 | G75: 준성수기 주말 대인권 하이원워터월드(8/31~10/18) | H75: 대인 | I75: 주말 | J75: 종일 | K75: 64000 | L75: 31000 | M75: 52 | N75: 51.6 | O75: 1 | P75: 날짜지정 | Q75: 2026-08-31 | R75: 날짜지정 | S75: 2026-10-18 | T75: FALSE
A76: 325961 | B76: 4178514 | C76: 워터파크 | D76: 워터파크 | E76: 정선 | F76: 하이원 워터월드 | G76: 준성수기 주말 소인권 하이원워터월드(8/31~10/18) | H76: 소인 | I76: 주말 | J76: 종일 | K76: 53000 | L76: 28500 | M76: 46 | N76: 46.2 | O76: 1 | P76: 날짜지정 | Q76: 2026-08-31 | R76: 날짜지정 | S76: 2026-10-18 | T76: FALSE
A77: 326087 | B77: 4182558 | C77: 워터파크 | D77: 워터파크 | E77: 예산 | F77: 스플라스 리솜 워터파크 | G77: 소인입장권 스플라스 워터파크(8/24~10/31) | H77: 소인 | I77: 주중+주말 | J77: 종일 | K77: 40000 | L77: 27400 | M77: 32 | N77: 31.5 | O77: 1 | P77: 날짜지정 | Q77: 2026-08-24 | R77: 날짜지정 | S77: 2026-10-31 | T77: TRUE
A78: 326087 | B78: 4182557 | C78: 워터파크 | D78: 워터파크 | E78: 예산 | F78: 스플라스 리솜 워터파크 | G78: 대인입장권 스플라스 워터파크(8/24~10/31) | H78: 대인 | I78: 주중+주말 | J78: 종일 | K78: 55000 | L78: 37800 | M78: 31 | N78: 31.3 | O78: 1 | P78: 날짜지정 | Q78: 2026-08-24 | R78: 날짜지정 | S78: 2026-10-31 | T78: FALSE
A79: 326024 | B79: 4180630 | C79: 워터파크 | D79: 워터파크 | E79: 제천 | F79: 포레스트 리솜 해브나인 웰니스 스파 | G79: 소인이용권 포레스트리솜(8/24~10/31) | H79: 소인 | I79: 주중+주말 | J79: 종일 | K79: 45000 | L79: 31000 | M79: 31 | N79: 31.1 | O79: 1 | P79: 날짜지정 | Q79: 2026-08-24 | R79: 날짜지정 | S79: 2026-10-31 | T79: TRUE
A80: 326024 | B80: 4180629 | C80: 워터파크 | D80: 워터파크 | E80: 제천 | F80: 포레스트 리솜 해브나인 웰니스 스파 | G80: 대인이용권 포레스트리솜(8/24~10/31) | H80: 대인 | I80: 주중+주말 | J80: 종일 | K80: 60000 | L80: 41200 | M80: 31 | N80: 31.3 | O80: 1 | P80: 날짜지정 | Q80: 2026-08-24 | R80: 날짜지정 | S80: 2026-10-31 | T80: FALSE
A81: 326150 | B81: 4183889 | C81: 워터파크 | D81: 워터파크 | E81: 태안 | F81: 아일랜드 리솜 오아식스 선셋스파 | G81: 대인이용권 아일랜드리솜(8/24~10/31) | H81: 대인 | I81: 주중+주말 | J81: 종일 | K81: 40000 | L81: 34500 | M81: 14 | N81: 13.8 | O81: 1 | P81: 날짜지정 | Q81: 2026-08-24 | R81: 날짜지정 | S81: 2026-10-31 | T81: TRUE
A82: 293316 | B82: 3432000 | C82: 자동차 구매 | D82: 제네시스 | E82: 분당오리대리점 | F82: 현대자동차(제네시스) 外 전차종 판매 | G82: GENESIS GV70 (* 합리적 판매가격 상담문의 양현석부장 010-5014-3608) | K82: 0 | L82: 0 | M82: 100 | O82: 1 | P82: 구매일 | Q82: 0 | R82: 구매일 | S82: 0 | T82: TRUE
A83: 293316 | B83: 3432001 | C83: 자동차 구매 | D83: 제네시스 | E83: 분당오리대리점 | F83: 현대자동차(제네시스) 外 전차종 판매 | G83: GENESIS G80 (* 합리적 판매가격 상담문의 양현석부장 010-5014-3608) | K83: 0 | L83: 0 | M83: 100 | O83: 1 | P83: 구매일 | Q83: 0 | R83: 구매일 | S83: 0 | T83: FALSE
A84: 293316 | B84: 3432002 | C84: 자동차 구매 | D84: 제네시스 | E84: 분당오리대리점 | F84: 현대자동차(제네시스) 外 전차종 판매 | G84: GENESIS GV80 (* 합리적 판매가격 상담문의 양현석부장 010-5014-3608) | K84: 0 | L84: 0 | M84: 100 | O84: 1 | P84: 구매일 | Q84: 0 | R84: 구매일 | S84: 0 | T84: FALSE
A85: 293316 | B85: 3432003 | C85: 자동차 구매 | D85: 제네시스 | E85: 분당오리대리점 | F85: 현대자동차(제네시스) 外 전차종 판매 | G85: GENESIS G90 (* 합리적 판매가격 상담문의 양현석부장 010-5014-3608) | K85: 0 | L85: 0 | M85: 100 | O85: 1 | P85: 구매일 | Q85: 0 | R85: 구매일 | S85: 0 | T85: FALSE
A86: 311872 | B86: 3803857 | C86: 테마파크 | D86: 테마파크 | E86: 부산 | F86: 부산영화체험박물관 + 씨네뮤지엄 PKG | G86: 대소공통 통합권 부산영화체험박물관PKG | H86: 대소공통 | I86: 주중+주말 | J86: 종일 | K86: 20000 | L86: 10800 | M86: 46 | N86: 46 | O86: 1 | P86: 구매일 | Q86: 0 | R86: 구매일 | S86: 60 | T86: TRUE
A87: 326465 | B87: 4195837 | C87: 워터파크 | D87: 워터파크 | E87: 아산 | F87: 파라다이스 스파 도고 | G87: 로우시즌 종일권 스파 도고(9/1~12/17) | H87: 대소공통 | I87: 주중+주말 | J87: 종일 | K87: 55000 | L87: 28900 | M87: 47 | N87: 47.5 | O87: 1 | P87: 날짜지정 | Q87: 2026-09-01 | R87: 날짜지정 | S87: 2026-12-17 | T87: TRUE
A88: 325709 | B88: 4173281 | C88: 워터파크 | D88: 워터파크 | E88: 속초 | F88: 설악 워터피아 | G88: 2인 주간권 미들시즌 설악워터피아(8/24~10/11) | H88: 대소공통 | I88: 주중+주말 | J88: 종일 | K88: 124000 | L88: 68000 | M88: 45 | N88: 45.2 | O88: 1 | P88: 날짜지정 | Q88: 2026-08-24 | R88: 날짜지정 | S88: 2026-10-11 | T88: TRUE
A89: 325709 | B89: 4173282 | C89: 워터파크 | D89: 워터파크 | E89: 속초 | F89: 설악 워터피아 | G89: 3인 주간권 미들시즌 설악워터피아(8/24~10/11) | H89: 대소공통 | I89: 주중+주말 | J89: 종일 | K89: 186000 | L89: 96900 | M89: 48 | N89: 47.9 | O89: 1 | P89: 날짜지정 | Q89: 2026-08-24 | R89: 날짜지정 | S89: 2026-10-11 | T89: FALSE
A90: 325709 | B90: 4173283 | C90: 워터파크 | D90: 워터파크 | E90: 속초 | F90: 설악 워터피아 | G90: 4인 주간권 미들시즌 설악워터피아(8/24~10/11) | H90: 대소공통 | I90: 주중+주말 | J90: 종일 | K90: 248000 | L90: 126000 | M90: 49 | N90: 49.2 | O90: 1 | P90: 날짜지정 | Q90: 2026-08-24 | R90: 날짜지정 | S90: 2026-10-11 | T90: FALSE
A91: 325709 | B91: 4173284 | C91: 워터파크 | D91: 워터파크 | E91: 속초 | F91: 설악 워터피아 | G91: 2인 나이트스파 미들시즌 설악워터피아(8/24~10/11) | H91: 대소공통 | I91: 주중+주말 | J91: 종일 | K91: 84000 | L91: 46000 | M91: 45 | N91: 45.2 | O91: 1 | P91: 날짜지정 | Q91: 2026-08-24 | R91: 날짜지정 | S91: 2026-10-11 | T91: FALSE
A92: 325709 | B92: 4173285 | C92: 워터파크 | D92: 워터파크 | E92: 속초 | F92: 설악 워터피아 | G92: 3인 나이트스파 미들시즌 설악워터피아(8/24~10/11) | H92: 대소공통 | I92: 주중+주말 | J92: 종일 | K92: 126000 | L92: 65400 | M92: 48 | N92: 48.1 | O92: 1 | P92: 날짜지정 | Q92: 2026-08-24 | R92: 날짜지정 | S92: 2026-10-11 | T92: FALSE
A93: 325709 | B93: 4173286 | C93: 워터파크 | D93: 워터파크 | E93: 속초 | F93: 설악 워터피아 | G93: 4인 나이트스파 미들시즌 설악워터피아(8/24~10/11) | H93: 대소공통 | I93: 주중+주말 | J93: 종일 | K93: 168000 | L93: 85000 | M93: 49 | N93: 49.4 | O93: 1 | P93: 날짜지정 | Q93: 2026-08-24 | R93: 날짜지정 | S93: 2026-10-11 | T93: FALSE
A94: 325709 | B94: 4173287 | C94: 워터파크 | D94: 워터파크 | E94: 속초 | F94: 설악 워터피아 | G94: 2인 종일권 미들시즌 설악워터피아(8/24~10/11) | H94: 대소공통 | I94: 주중+주말 | J94: 종일 | K94: 160000 | L94: 88000 | M94: 45 | N94: 45 | O94: 1 | P94: 날짜지정 | Q94: 2026-08-24 | R94: 날짜지정 | S94: 2026-10-11 | T94: FALSE
A95: 325709 | B95: 4173288 | C95: 워터파크 | D95: 워터파크 | E95: 속초 | F95: 설악 워터피아 | G95: 3인 종일권 미들시즌 설악워터피아(8/24~10/11) | H95: 대소공통 | I95: 주중+주말 | J95: 종일 | K95: 240000 | L95: 124800 | M95: 48 | N95: 48 | O95: 1 | P95: 날짜지정 | Q95: 2026-08-24 | R95: 날짜지정 | S95: 2026-10-11 | T95: FALSE
A96: 325709 | B96: 4173289 | C96: 워터파크 | D96: 워터파크 | E96: 속초 | F96: 설악 워터피아 | G96: 4인 종일권 미들시즌 설악워터피아(8/24~10/11) | H96: 대소공통 | I96: 주중+주말 | J96: 종일 | K96: 320000 | L96: 162000 | M96: 49 | N96: 49.4 | O96: 1 | P96: 날짜지정 | Q96: 2026-08-24 | R96: 날짜지정 | S96: 2026-10-11 | T96: FALSE
A97: 330127 | B97: 4294515 | C97: 워터파크 | D97: 워터파크 | E97: 부천 | F97: 웅진플레이도시 워터파크 | G97: 종일권 로우시즌 웅진플레이도시(~10/31) | H97: 대소공통 | I97: 주중+주말 | J97: 종일권 | K97: 60000 | L97: 27000 | M97: 55 | N97: 55 | O97: 1 | P97: 날짜지정 | Q97: 2026-09-07 | R97: 날짜지정 | S97: 2026-10-31 | T97: TRUE
A98: 319087 | B98: 4015582 | C98: 테마파크 | D98: 테마파크 | E98: 부산 | F98: 런닝맨&다이나믹메이즈 | G98: 이용권 런닝맨(60분)(~10/31) | H98: 대소공통 | I98: 주중+주말 | K98: 19000 | L98: 14000 | M98: 26 | N98: 26.3 | O98: 1 | P98: 날짜지정 | Q98: 2025-12-01 | R98: 날짜지정 | S98: 2026-10-31 | T98: TRUE
A99: 319087 | B99: 4015583 | C99: 테마파크 | D99: 테마파크 | E99: 부산 | F99: 런닝맨&다이나믹메이즈 | G99: 이용권 다이나믹메이즈(~10/31) | H99: 대소공통 | I99: 주중+주말 | K99: 16000 | L99: 13000 | M99: 19 | N99: 18.8 | O99: 1 | P99: 날짜지정 | Q99: 2025-12-01 | R99: 날짜지정 | S99: 2026-10-31 | T99: FALSE
A100: 319087 | B100: 4015584 | C100: 테마파크 | D100: 테마파크 | E100: 부산 | F100: 런닝맨&다이나믹메이즈 | G100: 종합권 런닝맨(60분)+다이나믹메이즈PKG(~10/31) | H100: 대소공통 | I100: 주중+주말 | K100: 29000 | L100: 22000 | M100: 24 | N100: 24.1 | O100: 1 | P100: 날짜지정 | Q100: 2025-12-01 | R100: 날짜지정 | S100: 2026-10-31 | T100: FALSE
A101: 319087 | B101: 4015585 | C101: 테마파크 | D101: 테마파크 | E101: 부산 | F101: 런닝맨&다이나믹메이즈 | G101: 이용권 런닝맨(90분)(~10/31) | H101: 대소공통 | I101: 주중+주말 | K101: 25000 | L101: 19000 | M101: 24 | N101: 24 | O101: 1 | P101: 날짜지정 | Q101: 2025-12-01 | R101: 날짜지정 | S101: 2026-10-31 | T101: FALSE
A102: 319087 | B102: 4015586 | C102: 테마파크 | D102: 테마파크 | E102: 부산 | F102: 런닝맨&다이나믹메이즈 | G102: 종합권 런닝맨(90분)+다이나믹메이즈PKG(~10/31) | H102: 대소공통 | I102: 주중+주말 | K102: 35000 | L102: 24000 | M102: 31 | N102: 31.4 | O102: 1 | P102: 날짜지정 | Q102: 2025-12-01 | R102: 날짜지정 | S102: 2026-10-31 | T102: FALSE
A103: 319150 | B103: 4016432 | C103: 테마파크 | D103: 테마파크 | E103: 인사동 | F103: 런닝맨 or 다이나믹메이즈 | G103: 런닝맨 1시간 이용권(~10/31) | H103: 대소공통 | I103: 주중+주말 | K103: 19000 | L103: 15000 | M103: 21 | N103: 21.1 | O103: 1 | P103: 날짜지정 | Q103: 2025-12-01 | R103: 날짜지정 | S103: 2026-10-31 | T103: TRUE
A104: 319150 | B104: 4016434 | C104: 테마파크 | D104: 테마파크 | E104: 인사동 | F104: 런닝맨 or 다이나믹메이즈 | G104: 런닝맨 1시간30분 이용권(~10/31) | H104: 대소공통 | I104: 주중+주말 | K104: 25000 | L104: 20000 | M104: 20 | N104: 20 | O104: 1 | P104: 날짜지정 | Q104: 2025-12-01 | R104: 날짜지정 | S104: 2026-10-31 | T104: FALSE
A105: 319150 | B105: 4016433 | C105: 테마파크 | D105: 테마파크 | E105: 인사동 | F105: 런닝맨 or 다이나믹메이즈 | G105: 다이나믹메이즈 이용권(~10/31) | H105: 대소공통 | I105: 주중+주말 | K105: 16000 | L105: 13000 | M105: 19 | N105: 18.8 | O105: 1 | P105: 날짜지정 | Q105: 2025-12-01 | R105: 날짜지정 | S105: 2026-10-31 | T105: FALSE
A106: 292620 | B106: 3414132 | C106: 테마파크 | D106: 테마파크 | E106: 화성 | F106: 네이처스케이프 플러스 | G106: 주중종일·주말4시간 이용권 네이처스케이프플러스 | H106: 대소공통 | I106: 주중+주말 | J106: 종일 | K106: 29500 | L106: 19000 | M106: 36 | N106: 35.6 | O106: 1 | P106: 구매일 | Q106: 0 | R106: 구매일 | S106: 60 | T106: TRUE
A107: 327851 | B107: 4226212 | C107: 테마파크 | D107: 테마파크 | E107: 홍천 | F107: 알파카월드 | G107: 1인 입장권 알파카월드(~11/30) | H107: 대인 | I107: 주중+주말 | J107: 종일 | K107: 18000 | L107: 14500 | M107: 19 | N107: 19.4 | O107: 1 | P107: 구매일 | Q107: 0 | R107: 날짜지정 | S107: 2026-11-30 | T107: TRUE
A108: 322055 | B108: 4070593 | C108: 테마파크 | D108: 테마파크 | E108: 경기 | F108: 허브아일랜드 | G108: 1인 주중 소인 입장권 허브아일랜드(~12/31) | H108: 소인 | I108: 주중 | J108: 종일 | K108: 8000 | L108: 7000 | M108: 13 | N108: 12.5 | O108: 1 | P108: 구매일 | Q108: 0 | R108: 날짜지정 | S108: 2026-12-31 | T108: TRUE
A109: 322055 | B109: 4070591 | C109: 테마파크 | D109: 테마파크 | E109: 경기 | F109: 허브아일랜드 | G109: 1인 주말 소인 입장권 허브아일랜드(~12/31) | H109: 소인 | I109: 주중+주말 | J109: 종일 | K109: 10000 | L109: 9000 | M109: 10 | N109: 10 | O109: 1 | P109: 구매일 | Q109: 0 | R109: 날짜지정 | S109: 2026-12-31 | T109: FALSE
A110: 322055 | B110: 4070592 | C110: 테마파크 | D110: 테마파크 | E110: 경기 | F110: 허브아일랜드 | G110: 1인 주중 대인 입장권 허브아일랜드(~12/31) | H110: 대인 | I110: 주중 | J110: 종일 | K110: 10000 | L110: 9000 | M110: 10 | N110: 10 | O110: 1 | P110: 구매일 | Q110: 0 | R110: 날짜지정 | S110: 2026-12-31 | T110: FALSE
A111: 322055 | B111: 4070590 | C111: 테마파크 | D111: 테마파크 | E111: 경기 | F111: 허브아일랜드 | G111: 1인 주말 대인 입장권 허브아일랜드(~12/31) | H111: 대인 | I111: 주중+주말 | J111: 종일 | K111: 12000 | L111: 11000 | M111: 8 | N111: 8.3 | O111: 1 | P111: 구매일 | Q111: 0 | R111: 날짜지정 | S111: 2026-12-31 | T111: FALSE
A112: 327788 | B112: 4226011 | C112: 테마파크 | D112: 테마파크 | E112: 대구 | F112: 드림닥터 대구점 의사직업체험 | G112: 보호자 이용권 대구 드림닥터(~10/31) | H112: 대인 | I112: 주중+주말 | J112: 종일 | K112: 8000 | L112: 7200 | M112: 10 | N112: 10 | O112: 1 | P112: 구매일 | Q112: 0 | R112: 날짜지정 | S112: 2026-10-31 | T112: TRUE
A113: 327788 | B113: 4226009 | C113: 테마파크 | D113: 테마파크 | E113: 대구 | F113: 드림닥터 대구점 의사직업체험 | G113: 레지던트권 대구 드림닥터(~10/31) | H113: 대소공통 | I113: 주중+주말 | J113: 종일 | K113: 37000 | L113: 29600 | M113: 20 | N113: 20 | O113: 1 | P113: 구매일 | Q113: 0 | R113: 날짜지정 | S113: 2026-10-31 | T113: FALSE
A114: 327788 | B114: 4226010 | C114: 테마파크 | D114: 테마파크 | E114: 대구 | F114: 드림닥터 대구점 의사직업체험 | G114: 전문의권 대구 드림닥터(~10/31) | H114: 대소공통 | I114: 주중+주말 | J114: 종일 | K114: 46000 | L114: 36800 | M114: 20 | N114: 20 | O114: 1 | P114: 구매일 | Q114: 0 | R114: 날짜지정 | S114: 2026-10-31 | T114: FALSE
A115: 327725 | B115: 4225557 | C115: 테마파크 | D115: 테마파크 | E115: 대전 | F115: 드림닥터 대전점 의사직업체험 | G115: 보호자권 대전 드림닥터(~10/31) | H115: 대소공통 | I115: 주중+주말 | J115: 종일 | K115: 8000 | L115: 6400 | M115: 20 | N115: 20 | O115: 1 | P115: 구매일 | Q115: 0 | R115: 날짜지정 | S115: 2026-10-31 | T115: TRUE
A116: 327725 | B116: 4225560 | C116: 테마파크 | D116: 테마파크 | E116: 대전 | F116: 드림닥터 대전점 의사직업체험 | G116: 2시간권 대전 드림닥터(~10/31) | H116: 대소공통 | I116: 주중+주말 | J116: 종일 | K116: 28000 | L116: 22400 | M116: 20 | N116: 20 | O116: 1 | P116: 구매일 | Q116: 0 | R116: 날짜지정 | S116: 2026-10-31 | T116: FALSE
A117: 327725 | B117: 4225558 | C117: 테마파크 | D117: 테마파크 | E117: 대전 | F117: 드림닥터 대전점 의사직업체험 | G117: 레지던트권 대전 드림닥터(~10/31) | H117: 대소공통 | I117: 주중+주말 | J117: 종일 | K117: 37000 | L117: 29600 | M117: 20 | N117: 20 | O117: 1 | P117: 구매일 | Q117: 0 | R117: 날짜지정 | S117: 2026-10-31 | T117: FALSE
... A143: 325898 | B143: 4177696 | C143: 테마파크 | D143: 테마파크 | E143: 경주 | F143: 엑스포대공원 | G143: 대인 이용권 엑스포 대공원(~10/31) | H143: 대인 | I143: 주중+주말 | J143: 종일 | K143: 14900 | L143: 8500 | M143: 43 | N143: 43 | O143: 1 | P143: 구매일 | Q143: 0 | R143: 날짜지정 | S143: 2026-10-31 | T143: FALSE
A144: 325142 | B144: 4156276 | C144: 워터파크 | D144: 워터파크 | E144: 하남/고양/안성 | F144: 아쿠아필드 | G144: 워터파크 6시간 이용권 아쿠아필드(3개 지점 중 택1)(8/18~10/26) | H144: 대소공통 | I144: 주중+주말 | K144: 58000 | L144: 32500 | M144: 44 | N144: 44 | O144: 1 | P144: 날짜지정 | Q144: 2026-08-18 | R144: 날짜지정 | S144: 2026-10-26 | T144: TRUE
...

Sheet 카테고리요약
A1: 대분류 | B1: 소분류 | C1: 상품 수 | D1: 가격대상 수 | E1: 할인율 평균(%) | F1: 할인율 중간값(%) | G1: 할인율 최소(%) | H1: 할인율 최대(%) | I1: 평균 판매가(원) | J1: 0-9% | K1: 10-19% | L1: 20-29% | M1: 30-39% | N1: 40-49% | O1: 50%+
A2: 공연 | B2: 뮤지컬 | C2: =COUNTIFS(상품목록!$B$2:$B$101,A2,상품목록!$C$2:$C$101,B2) | D2: =COUNTIFS(상품목록!$B$2:$B$101,A2,상품목록!$C$2:$C$101,B2,상품목록!$AC$2:$AC$101,"Y") | E2: =IFERROR(ROUND(AVERAGEIFS(상품목록!$K$2:$K$101,상품목록!$B$2:$B$101,A2,상품목록!$C$2:$C$101,B2,상품목록!$AC$2:$AC$101,"Y"),1),"-") | F2: {=IFERROR(MEDIAN(IF((상품목록!$B$2:$B$101=A2)*(상품목록!$C$2:$C$101=B2)*(상품목록!$AC$2:$AC$101="Y"),상품목록!$K$2:$K$101)),"-")} | G2: =IFERROR(_xlfn.MINIFS(상품목록!$K$2:$K$101,상품목록!$B$2:$B$101,A2,상품목록!$C$2:$C$101,B2,상품목록!$AC$2:$AC$101,"Y"),"-") | H2: =IFERROR(_xlfn.MAXIFS(상품목록!$K$2:$K$101,상품목록!$B$2:$B$101,A2,상품목록!$C$2:$C$101,B2,상품목록!$AC$2:$AC$101,"Y"),"-") | I2: =IFERROR(ROUND(AVERAGEIFS(상품목록!$J$2:$J$101,상품목록!$B$2:$B$101,A2,상품목록!$C$2:$C$101,B2,상품목록!$AC$2:$AC$101,"Y"),0),"-") | J2: =COUNTIFS(상품목록!$B$2:$B$101,A2,상품목록!$C$2:$C$101,B2,상품목록!$AC$2:$AC$101,"Y",상품목록!$K$2:$K$101,">=0",상품목록!$K$2:$K$101,"<=9") | K2: =COUNTIFS(상품목록!$B$2:$B$101,A2,상품목록!$C$2:$C$101,B2,상품목록!$AC$2:$AC$101,"Y",상품목록!$K$2:$K$101,">=10",상품목록!$K$2:$K$101,"<=19") | L2: =COUNTIFS(상품목록!$B$2:$B$101,A2,상품목록!$C$2:$C$101,B2,상품목록!$AC$2:$AC$101,"Y",상품목록!$K$2:$K$101,">=20",상품목록!$K$2:$K$101,"<=29") | M2: =COUNTIFS(상품목록!$B$2:$B$101,A2,상품목록!$C$2:$C$101,B2,상품목록!$AC$2:$AC$101,"Y",상품목록!$K$2:$K$101,">=30",상품목록!$K$2:$K$101,"<=39") | N2: =COUNTIFS(상품목록!$B$2:$B$101,A2,상품목록!$C$2:$C$101,B2,상품목록!$AC$2:$AC$101,"Y",상품목록!$K$2:$K$101,">=40",상품목록!$K$2:$K$101,"<=49") | O2: =COUNTIFS(상품목록!$B$2:$B$101,A2,상품목록!$C$2:$C$101,B2,상품목록!$AC$2:$AC$101,"Y",상품목록!$K$2:$K$101,">=50",상품목록!$K$2:$K$101,"<=1000")
A3: 공연 | B3: 연극 | C3: =COUNTIFS(상품목록!$B$2:$B$101,A3,상품목록!$C$2:$C$101,B3) | D3: =COUNTIFS(상품목록!$B$2:$B$101,A3,상품목록!$C$2:$C$101,B3,상품목록!$AC$2:$AC$101,"Y") | E3: =IFERROR(ROUND(AVERAGEIFS(상품목록!$K$2:$K$101,상품목록!$B$2:$B$101,A3,상품목록!$C$2:$C$101,B3,상품목록!$AC$2:$AC$101,"Y"),1),"-") | F3: {=IFERROR(MEDIAN(IF((상품목록!$B$2:$B$101=A3)*(상품목록!$C$2:$C$101=B3)*(상품목록!$AC$2:$AC$101="Y"),상품목록!$K$2:$K$101)),"-")} | G3: =IFERROR(_xlfn.MINIFS(상품목록!$K$2:$K$101,상품목록!$B$2:$B$101,A3,상품목록!$C$2:$C$101,B3,상품목록!$AC$2:$AC$101,"Y"),"-") | H3: =IFERROR(_xlfn.MAXIFS(상품목록!$K$2:$K$101,상품목록!$B$2:$B$101,A3,상품목록!$C$2:$C$101,B3,상품목록!$AC$2:$AC$101,"Y"),"-") | I3: =IFERROR(ROUND(AVERAGEIFS(상품목록!$J$2:$J$101,상품목록!$B$2:$B$101,A3,상품목록!$C$2:$C$101,B3,상품목록!$AC$2:$AC$101,"Y"),0),"-") | J3: =COUNTIFS(상품목록!$B$2:$B$101,A3,상품목록!$C$2:$C$101,B3,상품목록!$AC$2:$AC$101,"Y",상품목록!$K$2:$K$101,">=0",상품목록!$K$2:$K$101,"<=9") | K3: =COUNTIFS(상품목록!$B$2:$B$101,A3,상품목록!$C$2:$C$101,B3,상품목록!$AC$2:$AC$101,"Y",상품목록!$K$2:$K$101,">=10",상품목록!$K$2:$K$101,"<=19") | L3: =COUNTIFS(상품목록!$B$2:$B$101,A3,상품목록!$C$2:$C$101,B3,상품목록!$AC$2:$AC$101,"Y",상품목록!$K$2:$K$101,">=20",상품목록!$K$2:$K$101,"<=29") | M3: =COUNTIFS(상품목록!$B$2:$B$101,A3,상품목록!$C$2:$C$101,B3,상품목록!$AC$2:$AC$101,"Y",상품목록!$K$2:$K$101,">=30",상품목록!$K$2:$K$101,"<=39") | N3: =COUNTIFS(상품목록!$B$2:$B$101,A3,상품목록!$C$2:$C$101,B3,상품목록!$AC$2:$AC$101,"Y",상품목록!$K$2:$K$101,">=40",상품목록!$K$2:$K$101,"<=49") | O3: =COUNTIFS(상품목록!$B$2:$B$101,A3,상품목록!$C$2:$C$101,B3,상품목록!$AC$2:$AC$101,"Y",상품목록!$K$2:$K$101,">=50",상품목록!$K$2:$K$101,"<=1000")
A4: 공연 | B4: 콘서트 | C4: =COUNTIFS(상품목록!$B$2:$B$101,A4,상품목록!$C$2:$C$101,B4) | D4: =COUNTIFS(상품목록!$B$2:$B$101,A4,상품목록!$C$2:$C$101,B4,상품목록!$AC$2:$AC$101,"Y") | E4: =IFERROR(ROUND(AVERAGEIFS(상품목록!$K$2:$K$101,상품목록!$B$2:$B$101,A4,상품목록!$C$2:$C$101,B4,상품목록!$AC$2:$AC$101,"Y"),1),"-") | F4: {=IFERROR(MEDIAN(IF((상품목록!$B$2:$B$101=A4)*(상품목록!$C$2:$C$101=B4)*(상품목록!$AC$2:$AC$101="Y"),상품목록!$K$2:$K$101)),"-")} | G4: =IFERROR(_xlfn.MINIFS(상품목록!$K$2:$K$101,상품목록!$B$2:$B$101,A4,상품목록!$C$2:$C$101,B4,상품목록!$AC$2:$AC$101,"Y"),"-") | H4: =IFERROR(_xlfn.MAXIFS(상품목록!$K$2:$K$101,상품목록!$B$2:$B$101,A4,상품목록!$C$2:$C$101,B4,상품목록!$AC$2:$AC$101,"Y"),"-") | I4: =IFERROR(ROUND(AVERAGEIFS(상품목록!$J$2:$J$101,상품목록!$B$2:$B$101,A4,상품목록!$C$2:$C$101,B4,상품목록!$AC$2:$AC$101,"Y"),0),"-") | J4: =COUNTIFS(상품목록!$B$2:$B$101,A4,상품목록!$C$2:$C$101,B4,상품목록!$AC$2:$AC$101,"Y",상품목록!$K$2:$K$101,">=0",상품목록!$K$2:$K$101,"<=9") | K4: =COUNTIFS(상품목록!$B$2:$B$101,A4,상품목록!$C$2:$C$101,B4,상품목록!$AC$2:$AC$101,"Y",상품목록!$K$2:$K$101,">=10",상품목록!$K$2:$K$101,"<=19") | L4: =COUNTIFS(상품목록!$B$2:$B$101,A4,상품목록!$C$2:$C$101,B4,상품목록!$AC$2:$AC$101,"Y",상품목록!$K$2:$K$101,">=20",상품목록!$K$2:$K$101,"<=29") | M4: =COUNTIFS(상품목록!$B$2:$B$101,A4,상품목록!$C$2:$C$101,B4,상품목록!$AC$2:$AC$101,"Y",상품목록!$K$2:$K$101,">=30",상품목록!$K$2:$K$101,"<=39") | N4: =COUNTIFS(상품목록!$B$2:$B$101,A4,상품목록!$C$2:$C$101,B4,상품목록!$AC$2:$AC$101,"Y",상품목록!$K$2:$K$101,">=40",상품목록!$K$2:$K$101,"<=49") | O4: =COUNTIFS(상품목록!$B$2:$B$101,A4,상품목록!$C$2:$C$101,B4,상품목록!$AC$2:$AC$101,"Y",상품목록!$K$2:$K$101,">=50",상품목록!$K$2:$K$101,"<=1000")
A5: 레져 | B5: 액티비티 | C5: =COUNTIFS(상품목록!$B$2:$B$101,A5,상품목록!$C$2:$C$101,B5) | D5: =COUNTIFS(상품목록!$B$2:$B$101,A5,상품목록!$C$2:$C$101,B5,상품목록!$AC$2:$AC$101,"Y") | E5: =IFERROR(ROUND(AVERAGEIFS(상품목록!$K$2:$K$101,상품목록!$B$2:$B$101,A5,상품목록!$C$2:$C$101,B5,상품목록!$AC$2:$AC$101,"Y"),1),"-") | F5: {=IFERROR(MEDIAN(IF((상품목록!$B$2:$B$101=A5)*(상품목록!$C$2:$C$101=B5)*(상품목록!$AC$2:$AC$101="Y"),상품목록!$K$2:$K$101)),"-")} | G5: =IFERROR(_xlfn.MINIFS(상품목록!$K$2:$K$101,상품목록!$B$2:$B$101,A5,상품목록!$C$2:$C$101,B5,상품목록!$AC$2:$AC$101,"Y"),"-") | H5: =IFERROR(_xlfn.MAXIFS(상품목록!$K$2:$K$101,상품목록!$B$2:$B$101,A5,상품목록!$C$2:$C$101,B5,상품목록!$AC$2:$AC$101,"Y"),"-") | I5: =IFERROR(ROUND(AVERAGEIFS(상품목록!$J$2:$J$101,상품목록!$B$2:$B$101,A5,상품목록!$C$2:$C$101,B5,상품목록!$AC$2:$AC$101,"Y"),0),"-") | J5: =COUNTIFS(상품목록!$B$2:$B$101,A5,상품목록!$C$2:$C$101,B5,상품목록!$AC$2:$AC$101,"Y",상품목록!$K$2:$K$101,">=0",상품목록!$K$2:$K$101,"<=9") | K5: =COUNTIFS(상품목록!$B$2:$B$101,A5,상품목록!$C$2:$C$101,B5,상품목록!$AC$2:$AC$101,"Y",상품목록!$K$2:$K$101,">=10",상품목록!$K$2:$K$101,"<=19") | L5: =COUNTIFS(상품목록!$B$2:$B$101,A5,상품목록!$C$2:$C$101,B5,상품목록!$AC$2:$AC$101,"Y",상품목록!$K$2:$K$101,">=20",상품목록!$K$2:$K$101,"<=29") | M5: =COUNTIFS(상품목록!$B$2:$B$101,A5,상품목록!$C$2:$C$101,B5,상품목록!$AC$2:$AC$101,"Y",상품목록!$K$2:$K$101,">=30",상품목록!$K$2:$K$101,"<=39") | N5: =COUNTIFS(상품목록!$B$2:$B$101,A5,상품목록!$C$2:$C$101,B5,상품목록!$AC$2:$AC$101,"Y",상품목록!$K$2:$K$101,">=40",상품목록!$K$2:$K$101,"<=49") | O5: =COUNTIFS(상품목록!$B$2:$B$101,A5,상품목록!$C$2:$C$101,B5,상품목록!$AC$2:$AC$101,"Y",상품목록!$K$2:$K$101,">=50",상품목록!$K$2:$K$101,"<=1000")
A6: 레져 | B6: 크루즈 | C6: =COUNTIFS(상품목록!$B$2:$B$101,A6,상품목록!$C$2:$C$101,B6) | D6: =COUNTIFS(상품목록!$B$2:$B$101,A6,상품목록!$C$2:$C$101,B6,상품목록!$AC$2:$AC$101,"Y") | E6: =IFERROR(ROUND(AVERAGEIFS(상품목록!$K$2:$K$101,상품목록!$B$2:$B$101,A6,상품목록!$C$2:$C$101,B6,상품목록!$AC$2:$AC$101,"Y"),1),"-") | F6: {=IFERROR(MEDIAN(IF((상품목록!$B$2:$B$101=A6)*(상품목록!$C$2:$C$101=B6)*(상품목록!$AC$2:$AC$101="Y"),상품목록!$K$2:$K$101)),"-")} | G6: =IFERROR(_xlfn.MINIFS(상품목록!$K$2:$K$101,상품목록!$B$2:$B$101,A6,상품목록!$C$2:$C$101,B6,상품목록!$AC$2:$AC$101,"Y"),"-") | H6: =IFERROR(_xlfn.MAXIFS(상품목록!$K$2:$K$101,상품목록!$B$2:$B$101,A6,상품목록!$C$2:$C$101,B6,상품목록!$AC$2:$AC$101,"Y"),"-") | I6: =IFERROR(ROUND(AVERAGEIFS(상품목록!$J$2:$J$101,상품목록!$B$2:$B$101,A6,상품목록!$C$2:$C$101,B6,상품목록!$AC$2:$AC$101,"Y"),0),"-") | J6: =COUNTIFS(상품목록!$B$2:$B$101,A6,상품목록!$C$2:$C$101,B6,상품목록!$AC$2:$AC$101,"Y",상품목록!$K$2:$K$101,">=0",상품목록!$K$2:$K$101,"<=9") | K6: =COUNTIFS(상품목록!$B$2:$B$101,A6,상품목록!$C$2:$C$101,B6,상품목록!$AC$2:$AC$101,"Y",상품목록!$K$2:$K$101,">=10",상품목록!$K$2:$K$101,"<=19") | L6: =COUNTIFS(상품목록!$B$2:$B$101,A6,상품목록!$C$2:$C$101,B6,상품목록!$AC$2:$AC$101,"Y",상품목록!$K$2:$K$101,">=20",상품목록!$K$2:$K$101,"<=29") | M6: =COUNTIFS(상품목록!$B$2:$B$101,A6,상품목록!$C$2:$C$101,B6,상품목록!$AC$2:$AC$101,"Y",상품목록!$K$2:$K$101,">=30",상품목록!$K$2:$K$101,"<=39") | N6: =COUNTIFS(상품목록!$B$2:$B$101,A6,상품목록!$C$2:$C$101,B6,상품목록!$AC$2:$AC$101,"Y",상품목록!$K$2:$K$101,">=40",상품목록!$K$2:$K$101,"<=49") | O6: =COUNTIFS(상품목록!$B$2:$B$101,A6,상품목록!$C$2:$C$101,B6,상품목록!$AC$2:$AC$101,"Y",상품목록!$K$2:$K$101,">=50",상품목록!$K$2:$K$101,"<=1000")
A7: 삼성미라클안과 | B7: 라식·라섹 | C7: =COUNTIFS(상품목록!$B$2:$B$101,A7,상품목록!$C$2:$C$101,B7) | D7: =COUNTIFS(상품목록!$B$2:$B$101,A7,상품목록!$C$2:$C$101,B7,상품목록!$AC$2:$AC$101,"Y") | E7: =IFERROR(ROUND(AVERAGEIFS(상품목록!$K$2:$K$101,상품목록!$B$2:$B$101,A7,상품목록!$C$2:$C$101,B7,상품목록!$AC$2:$AC$101,"Y"),1),"-") | F7: {=IFERROR(MEDIAN(IF((상품목록!$B$2:$B$101=A7)*(상품목록!$C$2:$C$101=B7)*(상품목록!$AC$2:$AC$101="Y"),상품목록!$K$2:$K$101)),"-")} | G7: =IFERROR(_xlfn.MINIFS(상품목록!$K$2:$K$101,상품목록!$B$2:$B$101,A7,상품목록!$C$2:$C$101,B7,상품목록!$AC$2:$AC$101,"Y"),"-") | H7: =IFERROR(_xlfn.MAXIFS(상품목록!$K$2:$K$101,상품목록!$B$2:$B$101,A7,상품목록!$C$2:$C$101,B7,상품목록!$AC$2:$AC$101,"Y"),"-") | I7: =IFERROR(ROUND(AVERAGEIFS(상품목록!$J$2:$J$101,상품목록!$B$2:$B$101,A7,상품목록!$C$2:$C$101,B7,상품목록!$AC$2:$AC$101,"Y"),0),"-") | J7: =COUNTIFS(상품목록!$B$2:$B$101,A7,상품목록!$C$2:$C$101,B7,상품목록!$AC$2:$AC$101,"Y",상품목록!$K$2:$K$101,">=0",상품목록!$K$2:$K$101,"<=9") | K7: =COUNTIFS(상품목록!$B$2:$B$101,A7,상품목록!$C$2:$C$101,B7,상품목록!$AC$2:$AC$101,"Y",상품목록!$K$2:$K$101,">=10",상품목록!$K$2:$K$101,"<=19") | L7: =COUNTIFS(상품목록!$B$2:$B$101,A7,상품목록!$C$2:$C$101,B7,상품목록!$AC$2:$AC$101,"Y",상품목록!$K$2:$K$101,">=20",상품목록!$K$2:$K$101,"<=29") | M7: =COUNTIFS(상품목록!$B$2:$B$101,A7,상품목록!$C$2:$C$101,B7,상품목록!$AC$2:$AC$101,"Y",상품목록!$K$2:$K$101,">=30",상품목록!$K$2:$K$101,"<=39") | N7: =COUNTIFS(상품목록!$B$2:$B$101,A7,상품목록!$C$2:$C$101,B7,상품목록!$AC$2:$AC$101,"Y",상품목록!$K$2:$K$101,">=40",상품목록!$K$2:$K$101,"<=49") | O7: =COUNTIFS(상품목록!$B$2:$B$101,A7,상품목록!$C$2:$C$101,B7,상품목록!$AC$2:$AC$101,"Y",상품목록!$K$2:$K$101,">=50",상품목록!$K$2:$K$101,"<=1000")
A8: 서울베스트의료의원 | B8: 건강검진 | C8: =COUNTIFS(상품목록!$B$2:$B$101,A8,상품목록!$C$2:$C$101,B8) | D8: =COUNTIFS(상품목록!$B$2:$B$101,A8,상품목록!$C$2:$C$101,B8,상품목록!$AC$2:$AC$101,"Y") | E8: =IFERROR(ROUND(AVERAGEIFS(상품목록!$K$2:$K$101,상품목록!$B$2:$B$101,A8,상품목록!$C$2:$C$101,B8,상품목록!$AC$2:$AC$101,"Y"),1),"-") | F8: {=IFERROR(MEDIAN(IF((상품목록!$B$2:$B$101=A8)*(상품목록!$C$2:$C$101=B8)*(상품목록!$AC$2:$AC$101="Y"),상품목록!$K$2:$K$101)),"-")} | G8: =IFERROR(_xlfn.MINIFS(상품목록!$K$2:$K$101,상품목록!$B$2:$B$101,A8,상품목록!$C$2:$C$101,B8,상품목록!$AC$2:$AC$101,"Y"),"-") | H8: =IFERROR(_xlfn.MAXIFS(상품목록!$K$2:$K$101,상품목록!$B$2:$B$101,A8,상품목록!$C$2:$C$101,B8,상품목록!$AC$2:$AC$101,"Y"),"-") | I8: =IFERROR(ROUND(AVERAGEIFS(상품목록!$J$2:$J$101,상품목록!$B$2:$B$101,A8,상품목록!$C$2:$C$101,B8,상품목록!$AC$2:$AC$101,"Y"),0),"-") | J8: =COUNTIFS(상품목록!$B$2:$B$101,A8,상품목록!$C$2:$C$101,B8,상품목록!$AC$2:$AC$101,"Y",상품목록!$K$2:$K$101,">=0",상품목록!$K$2:$K$101,"<=9") | K8: =COUNTIFS(상품목록!$B$2:$B$101,A8,상품목록!$C$2:$C$101,B8,상품목록!$AC$2:$AC$101,"Y",상품목록!$K$2:$K$101,">=10",상품목록!$K$2:$K$101,"<=19") | L8: =COUNTIFS(상품목록!$B$2:$B$101,A8,상품목록!$C$2:$C$101,B8,상품목록!$AC$2:$AC$101,"Y",상품목록!$K$2:$K$101,">=20",상품목록!$K$2:$K$101,"<=29") | M8: =COUNTIFS(상품목록!$B$2:$B$101,A8,상품목록!$C$2:$C$101,B8,상품목록!$AC$2:$AC$101,"Y",상품목록!$K$2:$K$101,">=30",상품목록!$K$2:$K$101,"<=39") | N8: =COUNTIFS(상품목록!$B$2:$B$101,A8,상품목록!$C$2:$C$101,B8,상품목록!$AC$2:$AC$101,"Y",상품목록!$K$2:$K$101,">=40",상품목록!$K$2:$K$101,"<=49") | O8: =COUNTIFS(상품목록!$B$2:$B$101,A8,상품목록!$C$2:$C$101,B8,상품목록!$AC$2:$AC$101,"Y",상품목록!$K$2:$K$101,">=50",상품목록!$K$2:$K$101,"<=1000")
A9: 숙박 | B9: 숙박 | C9: =COUNTIFS(상품목록!$B$2:$B$101,A9,상품목록!$C$2:$C$101,B9) | D9: =COUNTIFS(상품목록!$B$2:$B$101,A9,상품목록!$C$2:$C$101,B9,상품목록!$AC$2:$AC$101,"Y") | E9: =IFERROR(ROUND(AVERAGEIFS(상품목록!$K$2:$K$101,상품목록!$B$2:$B$101,A9,상품목록!$C$2:$C$101,B9,상품목록!$AC$2:$AC$101,"Y"),1),"-") | F9: {=IFERROR(MEDIAN(IF((상품목록!$B$2:$B$101=A9)*(상품목록!$C$2:$C$101=B9)*(상품목록!$AC$2:$AC$101="Y"),상품목록!$K$2:$K$101)),"-")} | G9: =IFERROR(_xlfn.MINIFS(상품목록!$K$2:$K$101,상품목록!$B$2:$B$101,A9,상품목록!$C$2:$C$101,B9,상품목록!$AC$2:$AC$101,"Y"),"-") | H9: =IFERROR(_xlfn.MAXIFS(상품목록!$K$2:$K$101,상품목록!$B$2:$B$101,A9,상품목록!$C$2:$C$101,B9,상품목록!$AC$2:$AC$101,"Y"),"-") | I9: =IFERROR(ROUND(AVERAGEIFS(상품목록!$J$2:$J$101,상품목록!$B$2:$B$101,A9,상품목록!$C$2:$C$101,B9,상품목록!$AC$2:$AC$101,"Y"),0),"-") | J9: =COUNTIFS(상품목록!$B$2:$B$101,A9,상품목록!$C$2:$C$101,B9,상품목록!$AC$2:$AC$101,"Y",상품목록!$K$2:$K$101,">=0",상품목록!$K$2:$K$101,"<=9") | K9: =COUNTIFS(상품목록!$B$2:$B$101,A9,상품목록!$C$2:$C$101,B9,상품목록!$AC$2:$AC$101,"Y",상품목록!$K$2:$K$101,">=10",상품목록!$K$2:$K$101,"<=19") | L9: =COUNTIFS(상품목록!$B$2:$B$101,A9,상품목록!$C$2:$C$101,B9,상품목록!$AC$2:$AC$101,"Y",상품목록!$K$2:$K$101,">=20",상품목록!$K$2:$K$101,"<=29") | M9: =COUNTIFS(상품목록!$B$2:$B$101,A9,상품목록!$C$2:$C$101,B9,상품목록!$AC$2:$AC$101,"Y",상품목록!$K$2:$K$101,">=30",상품목록!$K$2:$K$101,"<=39") | N9: =COUNTIFS(상품목록!$B$2:$B$101,A9,상품목록!$C$2:$C$101,B9,상품목록!$AC$2:$AC$101,"Y",상품목록!$K$2:$K$101,">=40",상품목록!$K$2:$K$101,"<=49") | O9: =COUNTIFS(상품목록!$B$2:$B$101,A9,상품목록!$C$2:$C$101,B9,상품목록!$AC$2:$AC$101,"Y",상품목록!$K$2:$K$101,">=50",상품목록!$K$2:$K$101,"<=1000")
A10: 워터파크 | B10: 워터파크 | C10: =COUNTIFS(상품목록!$B$2:$B$101,A10,상품목록!$C$2:$C$101,B10) | D10: =COUNTIFS(상품목록!$B$2:$B$101,A10,상품목록!$C$2:$C$101,B10,상품목록!$AC$2:$AC$101,"Y") | E10: =IFERROR(ROUND(AVERAGEIFS(상품목록!$K$2:$K$101,상품목록!$B$2:$B$101,A10,상품목록!$C$2:$C$101,B10,상품목록!$AC$2:$AC$101,"Y"),1),"-") | F10: {=IFERROR(MEDIAN(IF((상품목록!$B$2:$B$101=A10)*(상품목록!$C$2:$C$101=B10)*(상품목록!$AC$2:$AC$101="Y"),상품목록!$K$2:$K$101)),"-")} | G10: =IFERROR(_xlfn.MINIFS(상품목록!$K$2:$K$101,상품목록!$B$2:$B$101,A10,상품목록!$C$2:$C$101,B10,상품목록!$AC$2:$AC$101,"Y"),"-") | H10: =IFERROR(_xlfn.MAXIFS(상품목록!$K$2:$K$101,상품목록!$B$2:$B$101,A10,상품목록!$C$2:$C$101,B10,상품목록!$AC$2:$AC$101,"Y"),"-") | I10: =IFERROR(ROUND(AVERAGEIFS(상품목록!$J$2:$J$101,상품목록!$B$2:$B$101,A10,상품목록!$C$2:$C$101,B10,상품목록!$AC$2:$AC$101,"Y"),0),"-") | J10: =COUNTIFS(상품목록!$B$2:$B$101,A10,상품목록!$C$2:$C$101,B10,상품목록!$AC$2:$AC$101,"Y",상품목록!$K$2:$K$101,">=0",상품목록!$K$2:$K$101,"<=9") | K10: =COUNTIFS(상품목록!$B$2:$B$101,A10,상품목록!$C$2:$C$101,B10,상품목록!$AC$2:$AC$101,"Y",상품목록!$K$2:$K$101,">=10",상품목록!$K$2:$K$101,"<=19") | L10: =COUNTIFS(상품목록!$B$2:$B$101,A10,상품목록!$C$2:$C$101,B10,상품목록!$AC$2:$AC$101,"Y",상품목록!$K$2:$K$101,">=20",상품목록!$K$2:$K$101,"<=29") | M10: =COUNTIFS(상품목록!$B$2:$B$101,A10,상품목록!$C$2:$C$101,B10,상품목록!$AC$2:$AC$101,"Y",상품목록!$K$2:$K$101,">=30",상품목록!$K$2:$K$101,"<=39") | N10: =COUNTIFS(상품목록!$B$2:$B$101,A10,상품목록!$C$2:$C$101,B10,상품목록!$AC$2:$AC$101,"Y",상품목록!$K$2:$K$101,">=40",상품목록!$K$2:$K$101,"<=49") | O10: =COUNTIFS(상품목록!$B$2:$B$101,A10,상품목록!$C$2:$C$101,B10,상품목록!$AC$2:$AC$101,"Y",상품목록!$K$2:$K$101,">=50",상품목록!$K$2:$K$101,"<=1000")
A11: 자동차 구매 | B11: 제네시스 | C11: =COUNTIFS(상품목록!$B$2:$B$101,A11,상품목록!$C$2:$C$101,B11) | D11: =COUNTIFS(상품목록!$B$2:$B$101,A11,상품목록!$C$2:$C$101,B11,상품목록!$AC$2:$AC$101,"Y") | E11: =IFERROR(ROUND(AVERAGEIFS(상품목록!$K$2:$K$101,상품목록!$B$2:$B$101,A11,상품목록!$C$2:$C$101,B11,상품목록!$AC$2:$AC$101,"Y"),1),"-") | F11: {=IFERROR(MEDIAN(IF((상품목록!$B$2:$B$101=A11)*(상품목록!$C$2:$C$101=B11)*(상품목록!$AC$2:$AC$101="Y"),상품목록!$K$2:$K$101)),"-")} | G11: =IFERROR(_xlfn.MINIFS(상품목록!$K$2:$K$101,상품목록!$B$2:$B$101,A11,상품목록!$C$2:$C$101,B11,상품목록!$AC$2:$AC$101,"Y"),"-") | H11: =IFERROR(_xlfn.MAXIFS(상품목록!$K$2:$K$101,상품목록!$B$2:$B$101,A11,상품목록!$C$2:$C$101,B11,상품목록!$AC$2:$AC$101,"Y"),"-") | I11: =IFERROR(ROUND(AVERAGEIFS(상품목록!$J$2:$J$101,상품목록!$B$2:$B$101,A11,상품목록!$C$2:$C$101,B11,상품목록!$AC$2:$AC$101,"Y"),0),"-") | J11: =COUNTIFS(상품목록!$B$2:$B$101,A11,상품목록!$C$2:$C$101,B11,상품목록!$AC$2:$AC$101,"Y",상품목록!$K$2:$K$101,">=0",상품목록!$K$2:$K$101,"<=9") | K11: =COUNTIFS(상품목록!$B$2:$B$101,A11,상품목록!$C$2:$C$101,B11,상품목록!$AC$2:$AC$101,"Y",상품목록!$K$2:$K$101,">=10",상품목록!$K$2:$K$101,"<=19") | L11: =COUNTIFS(상품목록!$B$2:$B$101,A11,상품목록!$C$2:$C$101,B11,상품목록!$AC$2:$AC$101,"Y",상품목록!$K$2:$K$101,">=20",상품목록!$K$2:$K$101,"<=29") | M11: =COUNTIFS(상품목록!$B$2:$B$101,A11,상품목록!$C$2:$C$101,B11,상품목록!$AC$2:$AC$101,"Y",상품목록!$K$2:$K$101,">=30",상품목록!$K$2:$K$101,"<=39") | N11: =COUNTIFS(상품목록!$B$2:$B$101,A11,상품목록!$C$2:$C$101,B11,상품목록!$AC$2:$AC$101,"Y",상품목록!$K$2:$K$101,">=40",상품목록!$K$2:$K$101,"<=49") | O11: =COUNTIFS(상품목록!$B$2:$B$101,A11,상품목록!$C$2:$C$101,B11,상품목록!$AC$2:$AC$101,"Y",상품목록!$K$2:$K$101,">=50",상품목록!$K$2:$K$101,"<=1000")
A12: 전시 | B12: 박물관 | C12: =COUNTIFS(상품목록!$B$2:$B$101,A12,상품목록!$C$2:$C$101,B12) | D12: =COUNTIFS(상품목록!$B$2:$B$101,A12,상품목록!$C$2:$C$101,B12,상품목록!$AC$2:$AC$101,"Y") | E12: =IFERROR(ROUND(AVERAGEIFS(상품목록!$K$2:$K$101,상품목록!$B$2:$B$101,A12,상품목록!$C$2:$C$101,B12,상품목록!$AC$2:$AC$101,"Y"),1),"-") | F12: {=IFERROR(MEDIAN(IF((상품목록!$B$2:$B$101=A12)*(상품목록!$C$2:$C$101=B12)*(상품목록!$AC$2:$AC$101="Y"),상품목록!$K$2:$K$101)),"-")} | G12: =IFERROR(_xlfn.MINIFS(상품목록!$K$2:$K$101,상품목록!$B$2:$B$101,A12,상품목록!$C$2:$C$101,B12,상품목록!$AC$2:$AC$101,"Y"),"-") | H12: =IFERROR(_xlfn.MAXIFS(상품목록!$K$2:$K$101,상품목록!$B$2:$B$101,A12,상품목록!$C$2:$C$101,B12,상품목록!$AC$2:$AC$101,"Y"),"-") | I12: =IFERROR(ROUND(AVERAGEIFS(상품목록!$J$2:$J$101,상품목록!$B$2:$B$101,A12,상품목록!$C$2:$C$101,B12,상품목록!$AC$2:$AC$101,"Y"),0),"-") | J12: =COUNTIFS(상품목록!$B$2:$B$101,A12,상품목록!$C$2:$C$101,B12,상품목록!$AC$2:$AC$101,"Y",상품목록!$K$2:$K$101,">=0",상품목록!$K$2:$K$101,"<=9") | K12: =COUNTIFS(상품목록!$B$2:$B$101,A12,상품목록!$C$2:$C$101,B12,상품목록!$AC$2:$AC$101,"Y",상품목록!$K$2:$K$101,">=10",상품목록!$K$2:$K$101,"<=19") | L12: =COUNTIFS(상품목록!$B$2:$B$101,A12,상품목록!$C$2:$C$101,B12,상품목록!$AC$2:$AC$101,"Y",상품목록!$K$2:$K$101,">=20",상품목록!$K$2:$K$101,"<=29") | M12: =COUNTIFS(상품목록!$B$2:$B$101,A12,상품목록!$C$2:$C$101,B12,상품목록!$AC$2:$AC$101,"Y",상품목록!$K$2:$K$101,">=30",상품목록!$K$2:$K$101,"<=39") | N12: =COUNTIFS(상품목록!$B$2:$B$101,A12,상품목록!$C$2:$C$101,B12,상품목록!$AC$2:$AC$101,"Y",상품목록!$K$2:$K$101,">=40",상품목록!$K$2:$K$101,"<=49") | O12: =COUNTIFS(상품목록!$B$2:$B$101,A12,상품목록!$C$2:$C$101,B12,상품목록!$AC$2:$AC$101,"Y",상품목록!$K$2:$K$101,">=50",상품목록!$K$2:$K$101,"<=1000")
A13: 테마파크 | B13: 놀이공원 | C13: =COUNTIFS(상품목록!$B$2:$B$101,A13,상품목록!$C$2:$C$101,B13) | D13: =COUNTIFS(상품목록!$B$2:$B$101,A13,상품목록!$C$2:$C$101,B13,상품목록!$AC$2:$AC$101,"Y") | E13: =IFERROR(ROUND(AVERAGEIFS(상품목록!$K$2:$K$101,상품목록!$B$2:$B$101,A13,상품목록!$C$2:$C$101,B13,상품목록!$AC$2:$AC$101,"Y"),1),"-") | F13: {=IFERROR(MEDIAN(IF((상품목록!$B$2:$B$101=A13)*(상품목록!$C$2:$C$101=B13)*(상품목록!$AC$2:$AC$101="Y"),상품목록!$K$2:$K$101)),"-")} | G13: =IFERROR(_xlfn.MINIFS(상품목록!$K$2:$K$101,상품목록!$B$2:$B$101,A13,상품목록!$C$2:$C$101,B13,상품목록!$AC$2:$AC$101,"Y"),"-") | H13: =IFERROR(_xlfn.MAXIFS(상품목록!$K$2:$K$101,상품목록!$B$2:$B$101,A13,상품목록!$C$2:$C$101,B13,상품목록!$AC$2:$AC$101,"Y"),"-") | I13: =IFERROR(ROUND(AVERAGEIFS(상품목록!$J$2:$J$101,상품목록!$B$2:$B$101,A13,상품목록!$C$2:$C$101,B13,상품목록!$AC$2:$AC$101,"Y"),0),"-") | J13: =COUNTIFS(상품목록!$B$2:$B$101,A13,상품목록!$C$2:$C$101,B13,상품목록!$AC$2:$AC$101,"Y",상품목록!$K$2:$K$101,">=0",상품목록!$K$2:$K$101,"<=9") | K13: =COUNTIFS(상품목록!$B$2:$B$101,A13,상품목록!$C$2:$C$101,B13,상품목록!$AC$2:$AC$101,"Y",상품목록!$K$2:$K$101,">=10",상품목록!$K$2:$K$101,"<=19") | L13: =COUNTIFS(상품목록!$B$2:$B$101,A13,상품목록!$C$2:$C$101,B13,상품목록!$AC$2:$AC$101,"Y",상품목록!$K$2:$K$101,">=20",상품목록!$K$2:$K$101,"<=29") | M13: =COUNTIFS(상품목록!$B$2:$B$101,A13,상품목록!$C$2:$C$101,B13,상품목록!$AC$2:$AC$101,"Y",상품목록!$K$2:$K$101,">=30",상품목록!$K$2:$K$101,"<=39") | N13: =COUNTIFS(상품목록!$B$2:$B$101,A13,상품목록!$C$2:$C$101,B13,상품목록!$AC$2:$AC$101,"Y",상품목록!$K$2:$K$101,">=40",상품목록!$K$2:$K$101,"<=49") | O13: =COUNTIFS(상품목록!$B$2:$B$101,A13,상품목록!$C$2:$C$101,B13,상품목록!$AC$2:$AC$101,"Y",상품목록!$K$2:$K$101,">=50",상품목록!$K$2:$K$101,"<=1000")
... A16: 헬스&푸드 | B16: 푸드 | C16: =COUNTIFS(상품목록!$B$2:$B$101,A16,상품목록!$C$2:$C$101,B16) | D16: =COUNTIFS(상품목록!$B$2:$B$101,A16,상품목록!$C$2:$C$101,B16,상품목록!$AC$2:$AC$101,"Y") | E16: =IFERROR(ROUND(AVERAGEIFS(상품목록!$K$2:$K$101,상품목록!$B$2:$B$101,A16,상품목록!$C$2:$C$101,B16,상품목록!$AC$2:$AC$101,"Y"),1),"-") | F16: {=IFERROR(MEDIAN(IF((상품목록!$B$2:$B$101=A16)*(상품목록!$C$2:$C$101=B16)*(상품목록!$AC$2:$AC$101="Y"),상품목록!$K$2:$K$101)),"-")} | G16: =IFERROR(_xlfn.MINIFS(상품목록!$K$2:$K$101,상품목록!$B$2:$B$101,A16,상품목록!$C$2:$C$101,B16,상품목록!$AC$2:$AC$101,"Y"),"-") | H16: =IFERROR(_xlfn.MAXIFS(상품목록!$K$2:$K$101,상품목록!$B$2:$B$101,A16,상품목록!$C$2:$C$101,B16,상품목록!$AC$2:$AC$101,"Y"),"-") | I16: =IFERROR(ROUND(AVERAGEIFS(상품목록!$J$2:$J$101,상품목록!$B$2:$B$101,A16,상품목록!$C$2:$C$101,B16,상품목록!$AC$2:$AC$101,"Y"),0),"-") | J16: =COUNTIFS(상품목록!$B$2:$B$101,A16,상품목록!$C$2:$C$101,B16,상품목록!$AC$2:$AC$101,"Y",상품목록!$K$2:$K$101,">=0",상품목록!$K$2:$K$101,"<=9") | K16: =COUNTIFS(상품목록!$B$2:$B$101,A16,상품목록!$C$2:$C$101,B16,상품목록!$AC$2:$AC$101,"Y",상품목록!$K$2:$K$101,">=10",상품목록!$K$2:$K$101,"<=19") | L16: =COUNTIFS(상품목록!$B$2:$B$101,A16,상품목록!$C$2:$C$101,B16,상품목록!$AC$2:$AC$101,"Y",상품목록!$K$2:$K$101,">=20",상품목록!$K$2:$K$101,"<=29") | M16: =COUNTIFS(상품목록!$B$2:$B$101,A16,상품목록!$C$2:$C$101,B16,상품목록!$AC$2:$AC$101,"Y",상품목록!$K$2:$K$101,">=30",상품목록!$K$2:$K$101,"<=39") | N16: =COUNTIFS(상품목록!$B$2:$B$101,A16,상품목록!$C$2:$C$101,B16,상품목록!$AC$2:$AC$101,"Y",상품목록!$K$2:$K$101,">=40",상품목록!$K$2:$K$101,"<=49") | O16: =COUNTIFS(상품목록!$B$2:$B$101,A16,상품목록!$C$2:$C$101,B16,상품목록!$AC$2:$AC$101,"Y",상품목록!$K$2:$K$101,">=50",상품목록!$K$2:$K$101,"<=1000")
A17: 전체 | C17: =COUNTA(상품목록!$A$2:$A$101) | D17: =COUNTIF(상품목록!$AC$2:$AC$101,"Y") | E17: =ROUND(AVERAGEIF(상품목록!$AC$2:$AC$101,"Y",상품목록!$K$2:$K$101),1) | F17: {=MEDIAN(IF(상품목록!$AC$2:$AC$101="Y",상품목록!$K$2:$K$101))} | G17: =_xlfn.MINIFS(상품목록!$K$2:$K$101,상품목록!$AC$2:$AC$101,"Y") | H17: =_xlfn.MAXIFS(상품목록!$K$2:$K$101,상품목록!$AC$2:$AC$101,"Y") | I17: =ROUND(AVERAGEIF(상품목록!$AC$2:$AC$101,"Y",상품목록!$J$2:$J$101),0) | J17: =COUNTIFS(상품목록!$AC$2:$AC$101,"Y",상품목록!$K$2:$K$101,">=0",상품목록!$K$2:$K$101,"<=9") | K17: =COUNTIFS(상품목록!$AC$2:$AC$101,"Y",상품목록!$K$2:$K$101,">=10",상품목록!$K$2:$K$101,"<=19") | L17: =COUNTIFS(상품목록!$AC$2:$AC$101,"Y",상품목록!$K$2:$K$101,">=20",상품목록!$K$2:$K$101,"<=29") | M17: =COUNTIFS(상품목록!$AC$2:$AC$101,"Y",상품목록!$K$2:$K$101,">=30",상품목록!$K$2:$K$101,"<=39") | N17: =COUNTIFS(상품목록!$AC$2:$AC$101,"Y",상품목록!$K$2:$K$101,">=40",상품목록!$K$2:$K$101,"<=49") | O17: =COUNTIFS(상품목록!$AC$2:$AC$101,"Y",상품목록!$K$2:$K$101,">=50",상품목록!$K$2:$K$101,"<=1000")
A19: 가격대상 = 광고상품·가격 없음 제외 (상품목록 priced=Y). 할인율은 사이트 표기값.
A20: 대분류·소분류는 상품목록 cat1·cat2 일치로 셈 (수집 시점 복수 카테고리 상품 없음). 중간값 열은 배열수식.

Sheet 전북·충남
A1: 시도 | B1: product_id | C1: cat2 | D1: region | E1: name | F1: list_price | G1: sale_price | H1: discount_pct | I1: basis | J1: issue_type | K1: issue_channel | L1: vendor_name | M1: vendor_address
A2: 서울;충남 | B2: 243478 | C2: 라식·라섹 | D2: 서울/천안 | E2: 삼성미라클안과 라식·라섹 | F2: 1600000 | G2: 890000 | H2: 44 | I2: 미라클라섹 | J2: 광고상품 | L2: 삼성미라클안과
A3: 충남 | B3: 330442 | C3: 워터파크 | D3: 아산 | E3: 아산스파비스 | F3: 50000 | G3: 20000 | H3: 60 | I3: 주중·주말공통이용권 아산스파비스(~26/12/31) | J3: 즉시발송 | K3: LMS 문자 | L3: 아산스파비스 | M3: 충남 아산시 음봉면 아산온천로157번길 67 아산스파비스
A4: 충남 | B4: 326087 | C4: 워터파크 | D4: 예산 | E4: 스플라스 리솜 워터파크 | F4: 40000 | G4: 27400 | H4: 32 | I4: 소인입장권 스플라스 워터파크(8/24~10/31) | J4: 즉시발송 | K4: 플레이스토리 | L4: 스플라스 리솜 워터파크 | M4: 충남 예산군 덕산면 온천단지3로 45-7
A5: 충남 | B5: 326150 | C5: 워터파크 | D5: 태안 | E5: 아일랜드 리솜 오아식스 선셋스파 | F5: 40000 | G5: 34500 | H5: 14 | I5: 대인이용권 아일랜드리솜(8/24~10/31) | J5: 즉시발송 | K5: 플레이스토리 | L5: 아일랜드 리솜 오아식스 선셋스파 | M5: 충남 태안군 안면읍 꽃지해안로 204
A6: 충남 | B6: 326465 | C6: 워터파크 | D6: 아산 | E6: 파라다이스 스파 도고 | F6: 55000 | G6: 28900 | H6: 47 | I6: 로우시즌 종일권 스파 도고(9/1~12/17) | J6: 즉시발송 | K6: 파라다이스 스파 도고 | L6: 파라다이스스파도고 | M6: 충남 아산시 도고면 도고온천로 176
A7: 충남 | B7: 328481 | C7: 숙박 | D7: 아산 | E7: 파라다이스 스파도고 캐빈파크 | F7: 160000 | G7: 156000 | H7: 3 | I7: 디럭스 주중 하반기 로우시즌 ROOM ONLY 파라다이스스파도고캐빈파크 | J7: 예약대기 | K7: LMS 문자 | L7: 파라다이스 스파도고 | M7: 충청남도 아산시 도고면 도고온천로 176
A8: 충남 | B8: 329749 | C8: 테마파크 | D8: 아산 | E8: 아산공룡월드 | F8: 20000 | G8: 16200 | H8: 19 | I8: 주중·주말공통 종일권 아산공룡월드(~12/31) | J8: 즉시발송 | K8: 엘에스컴퍼니 | L8: 아산 공룡월드 | M8: 충남 아산시 둔포면 해위안길 127
A9: 충남 | B9: 327662 | C9: 테마파크 | D9: 천안 | E9: 천안 공룡월드&키즈카페 | F9: 23000 | G9: 17900 | H9: 22 | I9: 주중 종일권 천안공룡월드(~10/31) | J9: 즉시발송 | K9: 엘에스컴퍼니 | L9: 천안 공룡월드 | M9: 충남 천안시 동남구 청수11로 35 9층
A11: 전북 상품 수 | B11: =COUNTIF(상품목록!$D$2:$D$101,"*전북*")
A12: 충남 상품 수 | B12: =COUNTIF(상품목록!$D$2:$D$101,"*충남*")

Sheet 워터파크
A1: product_id | B1: region | C1: name | D1: option | E1: detail_div | F1: week_div | G1: list_price | H1: sale_price | I1: discount_pct | J1: start_date | K1: end_date | L1: issue_channel
A2: 329434 | B2: 의정부 | C2: 장암 아일랜드캐슬 워터파크 1인 종일권 | D2: (대소공통)장암 1인 종일권 (9/4~10/31)*구명조끼 미포함 | E2: 대소공통 | F2: 주중+주말 | G2: 45000 | H2: 21000 | I2: 53 | J2: 2026-09-04 | K2: 2026-10-31 | L2: LMS 문자
A3: 330442 | B3: 아산 | C3: 아산스파비스 | D3: 주중·주말공통이용권 아산스파비스(~26/12/31) | E3: 대소공통 | F3: 주중+주말 | G3: 50000 | H3: 20000 | I3: 60 | J3: 2026-09-29 | K3: 2026-12-31 | L3: LMS 문자
A4: 325961 | B4: 정선 | C4: 하이원 워터월드 | D4: 준성수기 주중 대인권 하이원워터월드(8/31~10/18) | E4: 대인 | F4: 주중 | G4: 64000 | H4: 28000 | I4: 56 | J4: 2026-08-31 | K4: 2026-10-18 | L4: 플레이스토리
A5: 325961 | B5: 정선 | C5: 하이원 워터월드 | D5: 준성수기 주중 소인권 하이원워터월드(8/31~10/18) | E5: 소인 | F5: 주중 | G5: 53000 | H5: 26000 | I5: 51 | J5: 2026-08-31 | K5: 2026-10-18 | L5: 플레이스토리
A6: 325961 | B6: 정선 | C6: 하이원 워터월드 | D6: 준성수기 주말 대인권 하이원워터월드(8/31~10/18) | E6: 대인 | F6: 주말 | G6: 64000 | H6: 31000 | I6: 52 | J6: 2026-08-31 | K6: 2026-10-18 | L6: 플레이스토리
A7: 325961 | B7: 정선 | C7: 하이원 워터월드 | D7: 준성수기 주말 소인권 하이원워터월드(8/31~10/18) | E7: 소인 | F7: 주말 | G7: 53000 | H7: 28500 | I7: 46 | J7: 2026-08-31 | K7: 2026-10-18 | L7: 플레이스토리
A8: 326087 | B8: 예산 | C8: 스플라스 리솜 워터파크 | D8: 소인입장권 스플라스 워터파크(8/24~10/31) | E8: 소인 | F8: 주중+주말 | G8: 40000 | H8: 27400 | I8: 32 | J8: 2026-08-24 | K8: 2026-10-31 | L8: 플레이스토리
A9: 326087 | B9: 예산 | C9: 스플라스 리솜 워터파크 | D9: 대인입장권 스플라스 워터파크(8/24~10/31) | E9: 대인 | F9: 주중+주말 | G9: 55000 | H9: 37800 | I9: 31 | J9: 2026-08-24 | K9: 2026-10-31 | L9: 플레이스토리
A10: 326024 | B10: 제천 | C10: 포레스트 리솜 해브나인 웰니스 스파 | D10: 소인이용권 포레스트리솜(8/24~10/31) | E10: 소인 | F10: 주중+주말 | G10: 45000 | H10: 31000 | I10: 31 | J10: 2026-08-24 | K10: 2026-10-31 | L10: 플레이스토리
A11: 326024 | B11: 제천 | C11: 포레스트 리솜 해브나인 웰니스 스파 | D11: 대인이용권 포레스트리솜(8/24~10/31) | E11: 대인 | F11: 주중+주말 | G11: 60000 | H11: 41200 | I11: 31 | J11: 2026-08-24 | K11: 2026-10-31 | L11: 플레이스토리
A12: 326150 | B12: 태안 | C12: 아일랜드 리솜 오아식스 선셋스파 | D12: 대인이용권 아일랜드리솜(8/24~10/31) | E12: 대인 | F12: 주중+주말 | G12: 40000 | H12: 34500 | I12: 14 | J12: 2026-08-24 | K12: 2026-10-31 | L12: 플레이스토리
A13: 326465 | B13: 아산 | C13: 파라다이스 스파 도고 | D13: 로우시즌 종일권 스파 도고(9/1~12/17) | E13: 대소공통 | F13: 주중+주말 | G13: 55000 | H13: 28900 | I13: 47 | J13: 2026-09-01 | K13: 2026-12-17 | L13: 파라다이스 스파 도고
... A43: 328292 | B43: 부산 | C43: 센텀 스파랜드 | D43: 4시간이용권 센텀스파랜드(~10/29) | E43: 대소공통 | F43: 주중+주말 | G43: 26000 | H43: 20500 | I43: 21 | J43: 2026-07-01 | K43: 2026-10-29 | L43: LMS 문자/순차 발송
A45: 과거 매출 상위 10곳 | B45: 검색어(상품명) | C45: 판매 상품 수 | D45: 판매 여부
A46: 원마운트 | B46: 원마운트 | C46: =COUNTIFS(상품목록!$G$2:$G$101,"*"&B46&"*",상품목록!$B$2:$B$101,"워터파크") | D46: =IF(C46>0,"판매 중","미판매")
A47: 테르메덴 | B47: 테르메덴 | C47: =COUNTIFS(상품목록!$G$2:$G$101,"*"&B47&"*",상품목록!$B$2:$B$101,"워터파크") | D47: =IF(C47>0,"판매 중","미판매")
A48: 파라다이스 스파도고 | B48: 스파 도고 | C48: =COUNTIFS(상품목록!$G$2:$G$101,"*"&B48&"*",상품목록!$B$2:$B$101,"워터파크") | D48: =IF(C48>0,"판매 중","미판매")
A49: 아산스파비스 | B49: 스파비스 | C49: =COUNTIFS(상품목록!$G$2:$G$101,"*"&B49&"*",상품목록!$B$2:$B$101,"워터파크") | D49: =IF(C49>0,"판매 중","미판매")
A50: 웅진플레이도시 | B50: 웅진플레이도시 | C50: =COUNTIFS(상품목록!$G$2:$G$101,"*"&B50&"*",상품목록!$B$2:$B$101,"워터파크") | D50: =IF(C50>0,"판매 중","미판매")
A51: 씨랄라 | B51: 씨랄라 | C51: =COUNTIFS(상품목록!$G$2:$G$101,"*"&B51&"*",상품목록!$B$2:$B$101,"워터파크") | D51: =IF(C51>0,"판매 중","미판매")
A52: 썬밸리 | B52: 썬밸리 | C52: =COUNTIFS(상품목록!$G$2:$G$101,"*"&B52&"*",상품목록!$B$2:$B$101,"워터파크") | D52: =IF(C52>0,"판매 중","미판매")
A53: 아쿠아필드 | B53: 아쿠아필드 | C53: =COUNTIFS(상품목록!$G$2:$G$101,"*"&B53&"*",상품목록!$B$2:$B$101,"워터파크") | D53: =IF(C53>0,"판매 중","미판매")
A54: 스플라스리솜 | B54: 스플라스 | C54: =COUNTIFS(상품목록!$G$2:$G$101,"*"&B54&"*",상품목록!$B$2:$B$101,"워터파크") | D54: =IF(C54>0,"판매 중","미판매")
A55: 포레스트리솜 | B55: 포레스트 리솜 | C55: =COUNTIFS(상품목록!$G$2:$G$101,"*"&B55&"*",상품목록!$B$2:$B$101,"워터파크") | D55: =IF(C55>0,"판매 중","미판매")
A57: 판매 상품 수 = 상품목록에서 cat1=워터파크이고 name에 검색어가 들어간 상품 수(수식). 과거 매출 순위는 작업지시서 제공 정보.

Sheet 발권대행사
A1: 발송채널(issue_channel) | B1: 상품 수 | C1: 비중 | D1: 즉시발송 | E1: 예약필수 | F1: 예약대기 | G1: 평균 할인율(%)
A2: H2OKR | B2: =COUNTIF(상품목록!$S$2:$S$101,A2) | C2: =B2/COUNTA(상품목록!$A$2:$A$101) | D2: =COUNTIFS(상품목록!$S$2:$S$101,A2,상품목록!$R$2:$R$101,"즉시발송") | E2: =COUNTIFS(상품목록!$S$2:$S$101,A2,상품목록!$R$2:$R$101,"예약필수") | F2: =COUNTIFS(상품목록!$S$2:$S$101,A2,상품목록!$R$2:$R$101,"예약대기") | G2: =IFERROR(ROUND(AVERAGEIFS(상품목록!$K$2:$K$101,상품목록!$S$2:$S$101,A2,상품목록!$AC$2:$AC$101,"Y"),1),"-")
A3: 놀이의발견 | B3: =COUNTIF(상품목록!$S$2:$S$101,A3) | C3: =B3/COUNTA(상품목록!$A$2:$A$101) | D3: =COUNTIFS(상품목록!$S$2:$S$101,A3,상품목록!$R$2:$R$101,"즉시발송") | E3: =COUNTIFS(상품목록!$S$2:$S$101,A3,상품목록!$R$2:$R$101,"예약필수") | F3: =COUNTIFS(상품목록!$S$2:$S$101,A3,상품목록!$R$2:$R$101,"예약대기") | G3: =IFERROR(ROUND(AVERAGEIFS(상품목록!$K$2:$K$101,상품목록!$S$2:$S$101,A3,상품목록!$AC$2:$AC$101,"Y"),1),"-")
A4: 스마트인피니_발송 | B4: =COUNTIF(상품목록!$S$2:$S$101,A4) | C4: =B4/COUNTA(상품목록!$A$2:$A$101) | D4: =COUNTIFS(상품목록!$S$2:$S$101,A4,상품목록!$R$2:$R$101,"즉시발송") | E4: =COUNTIFS(상품목록!$S$2:$S$101,A4,상품목록!$R$2:$R$101,"예약필수") | F4: =COUNTIFS(상품목록!$S$2:$S$101,A4,상품목록!$R$2:$R$101,"예약대기") | G4: =IFERROR(ROUND(AVERAGEIFS(상품목록!$K$2:$K$101,상품목록!$S$2:$S$101,A4,상품목록!$AC$2:$AC$101,"Y"),1),"-")
A5: 엘에스컴퍼니 | B5: =COUNTIF(상품목록!$S$2:$S$101,A5) | C5: =B5/COUNTA(상품목록!$A$2:$A$101) | D5: =COUNTIFS(상품목록!$S$2:$S$101,A5,상품목록!$R$2:$R$101,"즉시발송") | E5: =COUNTIFS(상품목록!$S$2:$S$101,A5,상품목록!$R$2:$R$101,"예약필수") | F5: =COUNTIFS(상품목록!$S$2:$S$101,A5,상품목록!$R$2:$R$101,"예약대기") | G5: =IFERROR(ROUND(AVERAGEIFS(상품목록!$K$2:$K$101,상품목록!$S$2:$S$101,A5,상품목록!$AC$2:$AC$101,"Y"),1),"-")
A6: 큐패스코리아 | B6: =COUNTIF(상품목록!$S$2:$S$101,A6) | C6: =B6/COUNTA(상품목록!$A$2:$A$101) | D6: =COUNTIFS(상품목록!$S$2:$S$101,A6,상품목록!$R$2:$R$101,"즉시발송") | E6: =COUNTIFS(상품목록!$S$2:$S$101,A6,상품목록!$R$2:$R$101,"예약필수") | F6: =COUNTIFS(상품목록!$S$2:$S$101,A6,상품목록!$R$2:$R$101,"예약대기") | G6: =IFERROR(ROUND(AVERAGEIFS(상품목록!$K$2:$K$101,상품목록!$S$2:$S$101,A6,상품목록!$AC$2:$AC$101,"Y"),1),"-")
A7: 파라다이스 스파 도고 | B7: =COUNTIF(상품목록!$S$2:$S$101,A7) | C7: =B7/COUNTA(상품목록!$A$2:$A$101) | D7: =COUNTIFS(상품목록!$S$2:$S$101,A7,상품목록!$R$2:$R$101,"즉시발송") | E7: =COUNTIFS(상품목록!$S$2:$S$101,A7,상품목록!$R$2:$R$101,"예약필수") | F7: =COUNTIFS(상품목록!$S$2:$S$101,A7,상품목록!$R$2:$R$101,"예약대기") | G7: =IFERROR(ROUND(AVERAGEIFS(상품목록!$K$2:$K$101,상품목록!$S$2:$S$101,A7,상품목록!$AC$2:$AC$101,"Y"),1),"-")
A8: 플레이스토리 | B8: =COUNTIF(상품목록!$S$2:$S$101,A8) | C8: =B8/COUNTA(상품목록!$A$2:$A$101) | D8: =COUNTIFS(상품목록!$S$2:$S$101,A8,상품목록!$R$2:$R$101,"즉시발송") | E8: =COUNTIFS(상품목록!$S$2:$S$101,A8,상품목록!$R$2:$R$101,"예약필수") | F8: =COUNTIFS(상품목록!$S$2:$S$101,A8,상품목록!$R$2:$R$101,"예약대기") | G8: =IFERROR(ROUND(AVERAGEIFS(상품목록!$K$2:$K$101,상품목록!$S$2:$S$101,A8,상품목록!$AC$2:$AC$101,"Y"),1),"-")
A9: (채널 표기 없음) | B9: =COUNTIF(상품목록!$S$2:$S$101,"") | C9: =B9/COUNTA(상품목록!$A$2:$A$101) | D9: =COUNTIFS(상품목록!$S$2:$S$101,"",상품목록!$R$2:$R$101,"즉시발송") | E9: =COUNTIFS(상품목록!$S$2:$S$101,"",상품목록!$R$2:$R$101,"예약필수") | F9: =COUNTIFS(상품목록!$S$2:$S$101,"",상품목록!$R$2:$R$101,"예약대기") | G9: =IFERROR(ROUND(AVERAGEIFS(상품목록!$K$2:$K$101,상품목록!$S$2:$S$101,"",상품목록!$AC$2:$AC$101,"Y"),1),"-")
A10: 합계 | B10: =SUM(B2:B9) | C10: =SUM(C2:C9) | D10: =SUM(D2:D9) | E10: =SUM(E2:E9) | F10: =SUM(F2:F9)
A12: 발송채널 = 상품 안내문의 '카카오톡 발송채널 : ○○' 표기. 표기 없음은 LMS 문자 발송·예약상품·광고상품 등.
